period,store,channel,sessions,users,vdp_views,form_submissions,click_to_call,conversions
2023-09,Chevrolet Cranberry,autotrader / referral,1869,1369,6047,33,19,52
2023-09,Chevrolet Cranberry,bing / cpc,1031,732,1142,9,12,21
2023-09,Chevrolet Cranberry,cars.com / referral,1870,1392,5585,23,16,39
2023-09,Chevrolet Cranberry,direct / (none),3724,2854,3986,13,20,33
2023-09,Chevrolet Cranberry,email / newsletter,599,456,797,10,3,13
2023-09,Chevrolet Cranberry,facebook / paid,3258,2549,3627,17,19,36
2023-09,Chevrolet Cranberry,google / cpc,5239,4028,10265,41,62,103
2023-09,Chevrolet Cranberry,google / organic,10964,8565,20844,84,106,190
2023-09,Chevrolet Cranberry,iHeartMedia / radio,666,524,1449,1,3,4
2023-09,Honda Monroeville,autotrader / referral,1513,1093,5505,28,15,43
2023-09,Honda Monroeville,bing / cpc,875,630,990,7,9,16
2023-09,Honda Monroeville,cars.com / referral,1353,1073,3976,18,11,29
2023-09,Honda Monroeville,direct / (none),3301,2335,3447,14,19,33
2023-09,Honda Monroeville,email / newsletter,516,389,643,10,2,12
2023-09,Honda Monroeville,facebook / paid,2618,1846,2644,12,18,30
2023-09,Honda Monroeville,google / cpc,3546,2693,7757,20,32,52
2023-09,Honda Monroeville,google / organic,7869,6239,17343,59,81,140
2023-09,Honda Monroeville,iHeartMedia / radio,412,301,903,0,1,1
2023-09,Nissan Boardman,autotrader / referral,2496,1796,8345,42,28,70
2023-09,Nissan Boardman,bing / cpc,1466,1091,1632,12,18,30
2023-09,Nissan Boardman,cars.com / referral,2163,1541,6716,22,11,33
2023-09,Nissan Boardman,direct / (none),5167,3624,5692,18,25,43
2023-09,Nissan Boardman,email / newsletter,815,570,1048,14,4,18
2023-09,Nissan Boardman,facebook / paid,4001,3137,4292,22,31,53
2023-09,Nissan Boardman,google / cpc,6085,4655,13444,39,63,102
2023-09,Nissan Boardman,google / organic,14412,11144,26917,113,157,270
2023-09,Nissan Boardman,iHeartMedia / radio,1257,957,3003,3,6,9
2023-10,Chevrolet Cranberry,autotrader / referral,1595,1213,5830,27,17,44
2023-10,Chevrolet Cranberry,bing / cpc,929,666,923,7,9,16
2023-10,Chevrolet Cranberry,cars.com / referral,1679,1316,4901,20,13,33
2023-10,Chevrolet Cranberry,direct / (none),3583,2791,4707,12,15,27
2023-10,Chevrolet Cranberry,email / newsletter,211,149,260,3,1,4
2023-10,Chevrolet Cranberry,facebook / paid,2990,2159,4065,14,20,34
2023-10,Chevrolet Cranberry,google / cpc,3791,2656,8712,24,30,54
2023-10,Chevrolet Cranberry,google / organic,9779,7063,17883,49,73,122
2023-10,Chevrolet Cranberry,iHeartMedia / radio,817,622,1921,2,5,7
2023-10,Honda Monroeville,autotrader / referral,1283,934,4575,20,13,33
2023-10,Honda Monroeville,bing / cpc,693,521,817,4,5,9
2023-10,Honda Monroeville,cars.com / referral,1172,829,3189,10,6,16
2023-10,Honda Monroeville,direct / (none),3111,2208,3799,11,17,28
2023-10,Honda Monroeville,email / newsletter,164,126,179,2,0,2
2023-10,Honda Monroeville,facebook / paid,2420,1837,3230,10,13,23
2023-10,Honda Monroeville,google / cpc,3134,2253,6524,15,24,39
2023-10,Honda Monroeville,google / organic,7159,5651,13329,42,67,109
2023-10,Honda Monroeville,iHeartMedia / radio,470,367,1045,1,3,4
2023-10,Nissan Boardman,autotrader / referral,2158,1567,7691,41,26,67
2023-10,Nissan Boardman,bing / cpc,1412,990,1587,10,12,22
2023-10,Nissan Boardman,cars.com / referral,2187,1736,6721,23,12,35
2023-10,Nissan Boardman,direct / (none),5133,4061,6547,17,29,46
2023-10,Nissan Boardman,email / newsletter,306,214,342,5,1,6
2023-10,Nissan Boardman,facebook / paid,4390,3101,5653,22,27,49
2023-10,Nissan Boardman,google / cpc,5025,3795,10105,34,50,84
2023-10,Nissan Boardman,google / organic,12685,10001,23046,64,91,155
2023-10,Nissan Boardman,iHeartMedia / radio,782,624,1758,1,3,4
2023-11,Chevrolet Cranberry,autotrader / referral,1659,1184,5593,29,18,47
2023-11,Chevrolet Cranberry,bing / cpc,836,647,783,5,7,12
2023-11,Chevrolet Cranberry,cars.com / referral,1610,1237,4121,12,6,18
2023-11,Chevrolet Cranberry,direct / (none),3293,2495,4414,13,17,30
2023-11,Chevrolet Cranberry,email / newsletter,535,379,582,8,2,10
2023-11,Chevrolet Cranberry,facebook / paid,2950,2284,3809,13,17,30
2023-11,Chevrolet Cranberry,google / cpc,3424,2695,6764,18,28,46
2023-11,Chevrolet Cranberry,google / organic,9993,7300,15208,55,75,130
2023-11,Chevrolet Cranberry,iHeartMedia / radio,752,535,1702,1,3,4
2023-11,Honda Monroeville,autotrader / referral,1220,940,4535,21,12,33
2023-11,Honda Monroeville,bing / cpc,694,533,723,3,5,8
2023-11,Honda Monroeville,cars.com / referral,1136,816,3095,9,5,14
2023-11,Honda Monroeville,direct / (none),2858,2140,3576,15,23,38
2023-11,Honda Monroeville,email / newsletter,443,328,427,5,1,6
2023-11,Honda Monroeville,facebook / paid,2421,1824,3020,11,13,24
2023-11,Honda Monroeville,google / cpc,2861,2272,6328,18,26,44
2023-11,Honda Monroeville,google / organic,7559,5434,11722,38,50,88
2023-11,Honda Monroeville,iHeartMedia / radio,485,369,1159,1,3,4
2023-11,Nissan Boardman,autotrader / referral,2142,1686,7032,33,22,55
2023-11,Nissan Boardman,bing / cpc,1256,922,1187,8,10,18
2023-11,Nissan Boardman,cars.com / referral,1903,1480,5636,20,13,33
2023-11,Nissan Boardman,direct / (none),4330,3463,6552,19,31,50
2023-11,Nissan Boardman,email / newsletter,809,591,839,13,4,17
2023-11,Nissan Boardman,facebook / paid,4262,3278,5706,17,20,37
2023-11,Nissan Boardman,google / cpc,4639,3315,10398,24,40,64
2023-11,Nissan Boardman,google / organic,13065,9857,19786,81,108,189
2023-11,Nissan Boardman,iHeartMedia / radio,1102,874,2510,3,8,11
2023-12,Chevrolet Cranberry,autotrader / referral,2042,1495,6566,36,22,58
2023-12,Chevrolet Cranberry,bing / cpc,1092,858,1143,6,8,14
2023-12,Chevrolet Cranberry,cars.com / referral,1701,1289,3820,16,11,27
2023-12,Chevrolet Cranberry,direct / (none),3687,2597,5576,19,28,47
2023-12,Chevrolet Cranberry,email / newsletter,249,191,222,3,1,4
2023-12,Chevrolet Cranberry,facebook / paid,3903,2744,5741,14,20,34
2023-12,Chevrolet Cranberry,google / cpc,3484,2536,6580,22,34,56
2023-12,Chevrolet Cranberry,google / organic,11540,9111,14708,56,82,138
2023-12,Chevrolet Cranberry,iHeartMedia / radio,865,666,2053,2,5,7
2023-12,Honda Monroeville,autotrader / referral,1540,1203,5307,24,12,36
2023-12,Honda Monroeville,bing / cpc,909,664,761,4,6,10
2023-12,Honda Monroeville,cars.com / referral,1316,973,2956,11,7,18
2023-12,Honda Monroeville,direct / (none),3245,2590,4440,19,29,48
2023-12,Honda Monroeville,email / newsletter,188,145,187,2,0,2
2023-12,Honda Monroeville,facebook / paid,3242,2290,5015,14,16,30
2023-12,Honda Monroeville,google / cpc,2725,2090,5767,16,27,43
2023-12,Honda Monroeville,google / organic,8406,6668,9736,48,70,118
2023-12,Honda Monroeville,iHeartMedia / radio,532,422,1167,1,3,4
2023-12,Nissan Boardman,autotrader / referral,2739,2182,9626,41,27,68
2023-12,Nissan Boardman,bing / cpc,1368,982,1189,9,13,22
2023-12,Nissan Boardman,cars.com / referral,2382,1838,6397,15,8,23
2023-12,Nissan Boardman,direct / (none),5042,3814,7262,31,48,79
2023-12,Nissan Boardman,email / newsletter,326,250,262,4,1,5
2023-12,Nissan Boardman,facebook / paid,5186,4025,6904,21,24,45
2023-12,Nissan Boardman,google / cpc,4843,3809,10205,37,56,93
2023-12,Nissan Boardman,google / organic,15749,11653,19524,66,84,150
2023-12,Nissan Boardman,iHeartMedia / radio,900,715,1901,1,3,4
2024-01,Chevrolet Cranberry,autotrader / referral,1447,1111,4391,23,14,37
2024-01,Chevrolet Cranberry,bing / cpc,912,661,933,3,4,7
2024-01,Chevrolet Cranberry,cars.com / referral,1547,1236,2887,9,6,15
2024-01,Chevrolet Cranberry,direct / (none),3162,2299,5235,17,23,40
2024-01,Chevrolet Cranberry,email / newsletter,510,383,381,6,2,8
2024-01,Chevrolet Cranberry,facebook / paid,2830,2229,4046,11,14,25
2024-01,Chevrolet Cranberry,google / cpc,3498,2797,6748,20,33,53
2024-01,Chevrolet Cranberry,google / organic,9387,7000,10892,35,52,87
2024-01,Chevrolet Cranberry,iHeartMedia / radio,611,450,1205,1,3,4
2024-01,Honda Monroeville,autotrader / referral,1185,861,3922,20,11,31
2024-01,Honda Monroeville,bing / cpc,746,583,837,3,5,8
2024-01,Honda Monroeville,cars.com / referral,1188,847,2311,9,5,14
2024-01,Honda Monroeville,direct / (none),2675,2131,3904,13,18,31
2024-01,Honda Monroeville,email / newsletter,399,289,307,5,1,6
2024-01,Honda Monroeville,facebook / paid,2338,1859,3537,9,11,20
2024-01,Honda Monroeville,google / cpc,2592,2016,5200,17,28,45
2024-01,Honda Monroeville,google / organic,7730,6141,10955,42,68,110
2024-01,Honda Monroeville,iHeartMedia / radio,449,340,992,1,2,3
2024-01,Nissan Boardman,autotrader / referral,2041,1580,6188,35,23,58
2024-01,Nissan Boardman,bing / cpc,1299,1036,1564,8,10,18
2024-01,Nissan Boardman,cars.com / referral,1918,1369,4401,12,6,18
2024-01,Nissan Boardman,direct / (none),4342,3423,6842,25,38,63
2024-01,Nissan Boardman,email / newsletter,830,612,643,9,3,12
2024-01,Nissan Boardman,facebook / paid,4424,3412,6975,15,18,33
2024-01,Nissan Boardman,google / cpc,5141,3905,9598,39,51,90
2024-01,Nissan Boardman,google / organic,11780,8643,16963,65,100,165
2024-01,Nissan Boardman,iHeartMedia / radio,776,556,1667,1,3,4
2024-02,Chevrolet Cranberry,autotrader / referral,1526,1174,4481,21,13,34
2024-02,Chevrolet Cranberry,bing / cpc,935,724,1030,4,5,9
2024-02,Chevrolet Cranberry,cars.com / referral,1569,1141,2847,10,6,16
2024-02,Chevrolet Cranberry,direct / (none),3443,2708,5977,19,25,44
2024-02,Chevrolet Cranberry,email / newsletter,200,157,189,2,0,2
2024-02,Chevrolet Cranberry,facebook / paid,2885,2207,3950,10,13,23
2024-02,Chevrolet Cranberry,google / cpc,4834,3825,8901,43,58,101
2024-02,Chevrolet Cranberry,google / organic,9045,7136,11963,41,64,105
2024-02,Chevrolet Cranberry,iHeartMedia / radio,1121,892,2036,3,8,11
2024-02,Honda Monroeville,autotrader / referral,1087,834,3203,14,9,23
2024-02,Honda Monroeville,bing / cpc,645,500,817,3,5,8
2024-02,Honda Monroeville,cars.com / referral,1087,807,1845,9,5,14
2024-02,Honda Monroeville,direct / (none),2580,1932,3944,16,24,40
2024-02,Honda Monroeville,email / newsletter,150,118,108,1,0,1
2024-02,Honda Monroeville,facebook / paid,2516,1907,3756,8,11,19
2024-02,Honda Monroeville,google / cpc,3837,2821,6680,31,45,76
2024-02,Honda Monroeville,google / organic,7604,6036,10207,38,48,86
2024-02,Honda Monroeville,iHeartMedia / radio,828,642,1610,2,5,7
2024-02,Nissan Boardman,autotrader / referral,2153,1621,6810,30,16,46
2024-02,Nissan Boardman,bing / cpc,1148,851,1354,4,5,9
2024-02,Nissan Boardman,cars.com / referral,2240,1700,4142,11,7,18
2024-02,Nissan Boardman,direct / (none),4716,3764,7386,33,52,85
2024-02,Nissan Boardman,email / newsletter,262,194,195,3,1,4
2024-02,Nissan Boardman,facebook / paid,3867,2891,6007,11,12,23
2024-02,Nissan Boardman,google / cpc,6345,4719,12046,41,52,93
2024-02,Nissan Boardman,google / organic,12317,9641,14915,42,58,100
2024-02,Nissan Boardman,iHeartMedia / radio,1463,1157,2824,4,8,12
2024-03,Chevrolet Cranberry,autotrader / referral,1589,1144,4091,21,12,33
2024-03,Chevrolet Cranberry,bing / cpc,1040,817,1536,3,5,8
2024-03,Chevrolet Cranberry,cars.com / referral,1856,1438,3549,12,6,18
2024-03,Chevrolet Cranberry,direct / (none),4398,3444,7604,31,50,81
2024-03,Chevrolet Cranberry,email / newsletter,679,512,622,6,1,7
2024-03,Chevrolet Cranberry,facebook / paid,3092,2197,4693,9,12,21
2024-03,Chevrolet Cranberry,google / cpc,6617,4997,9932,62,80,142
2024-03,Chevrolet Cranberry,google / organic,10801,7601,14188,53,88,141
2024-03,Chevrolet Cranberry,iHeartMedia / radio,1980,1475,3303,6,13,19
2024-03,Honda Monroeville,autotrader / referral,1378,1000,3086,18,11,29
2024-03,Honda Monroeville,bing / cpc,739,572,999,2,3,5
2024-03,Honda Monroeville,cars.com / referral,1307,1045,1818,8,5,13
2024-03,Honda Monroeville,direct / (none),3015,2383,4838,23,38,61
2024-03,Honda Monroeville,email / newsletter,543,431,557,5,1,6
2024-03,Honda Monroeville,facebook / paid,2663,2095,3639,6,7,13
2024-03,Honda Monroeville,google / cpc,5034,3693,7862,44,65,109
2024-03,Honda Monroeville,google / organic,9307,7331,12082,40,63,103
2024-03,Honda Monroeville,iHeartMedia / radio,1644,1216,2408,5,11,16
2024-03,Nissan Boardman,autotrader / referral,2127,1491,5310,30,19,49
2024-03,Nissan Boardman,bing / cpc,1285,924,2002,6,9,15
2024-03,Nissan Boardman,cars.com / referral,2618,1994,4834,19,10,29
2024-03,Nissan Boardman,direct / (none),5039,3669,8665,40,58,98
2024-03,Nissan Boardman,email / newsletter,875,693,714,7,2,9
2024-03,Nissan Boardman,facebook / paid,4134,3293,6254,11,15,26
2024-03,Nissan Boardman,google / cpc,9295,7318,13140,77,101,178
2024-03,Nissan Boardman,google / organic,14267,11102,18852,45,69,114
2024-03,Nissan Boardman,iHeartMedia / radio,2866,2210,4500,8,21,29
2024-04,Chevrolet Cranberry,autotrader / referral,1597,1259,3161,21,13,34
2024-04,Chevrolet Cranberry,bing / cpc,1076,800,1934,4,5,9
2024-04,Chevrolet Cranberry,cars.com / referral,1734,1235,2298,9,5,14
2024-04,Chevrolet Cranberry,direct / (none),4478,3440,6654,35,49,84
2024-04,Chevrolet Cranberry,email / newsletter,217,164,249,2,0,2
2024-04,Chevrolet Cranberry,facebook / paid,3084,2362,3984,9,11,20
2024-04,Chevrolet Cranberry,google / cpc,8386,6100,9839,70,112,182
2024-04,Chevrolet Cranberry,google / organic,11633,9163,16129,53,73,126
2024-04,Chevrolet Cranberry,iHeartMedia / radio,2691,2130,3721,10,26,36
2024-04,Honda Monroeville,autotrader / referral,1385,1079,3074,15,10,25
2024-04,Honda Monroeville,bing / cpc,871,693,1335,5,7,12
2024-04,Honda Monroeville,cars.com / referral,1382,991,2389,8,6,14
2024-04,Honda Monroeville,direct / (none),3219,2487,5185,23,31,54
2024-04,Honda Monroeville,email / newsletter,194,143,177,2,0,2
2024-04,Honda Monroeville,facebook / paid,2263,1796,3112,6,8,14
2024-04,Honda Monroeville,google / cpc,6307,4970,7449,51,72,123
2024-04,Honda Monroeville,google / organic,8729,6319,12915,38,59,97
2024-04,Honda Monroeville,iHeartMedia / radio,2312,1695,3752,8,19,27
2024-04,Nissan Boardman,autotrader / referral,2334,1848,5007,30,15,45
2024-04,Nissan Boardman,bing / cpc,1396,1020,2083,6,7,13
2024-04,Nissan Boardman,cars.com / referral,2455,1720,4517,16,8,24
2024-04,Nissan Boardman,direct / (none),5576,4029,8475,47,80,127
2024-04,Nissan Boardman,email / newsletter,349,264,304,4,1,5
2024-04,Nissan Boardman,facebook / paid,4553,3542,5637,11,12,23
2024-04,Nissan Boardman,google / cpc,10238,7933,13465,110,180,290
2024-04,Nissan Boardman,google / organic,14773,10617,19112,71,120,191
2024-04,Nissan Boardman,iHeartMedia / radio,3524,2711,4504,13,26,39
2024-05,Chevrolet Cranberry,autotrader / referral,1734,1304,3277,16,10,26
2024-05,Chevrolet Cranberry,bing / cpc,1104,875,1912,7,9,16
2024-05,Chevrolet Cranberry,cars.com / referral,1934,1376,2832,15,9,24
2024-05,Chevrolet Cranberry,direct / (none),4438,3502,5986,37,57,94
2024-05,Chevrolet Cranberry,email / newsletter,691,535,720,8,2,10
2024-05,Chevrolet Cranberry,facebook / paid,3156,2446,3748,7,9,16
2024-05,Chevrolet Cranberry,google / cpc,10144,7333,12627,113,178,291
2024-05,Chevrolet Cranberry,google / organic,10925,8706,19492,46,74,120
2024-05,Chevrolet Cranberry,iHeartMedia / radio,3835,2944,5325,14,31,45
2024-05,Honda Monroeville,autotrader / referral,1321,1009,2895,16,9,25
2024-05,Honda Monroeville,bing / cpc,811,581,1517,3,4,7
2024-05,Honda Monroeville,cars.com / referral,1387,1016,2082,10,5,15
2024-05,Honda Monroeville,direct / (none),3169,2290,4418,26,44,70
2024-05,Honda Monroeville,email / newsletter,500,360,528,6,2,8
2024-05,Honda Monroeville,facebook / paid,2358,1864,2819,5,7,12
2024-05,Honda Monroeville,google / cpc,7081,4978,9604,69,115,184
2024-05,Honda Monroeville,google / organic,8669,6560,14157,40,67,107
2024-05,Honda Monroeville,iHeartMedia / radio,3229,2447,3808,12,28,40
2024-05,Nissan Boardman,autotrader / referral,2154,1536,4827,21,13,34
2024-05,Nissan Boardman,bing / cpc,1382,1059,2312,7,8,15
2024-05,Nissan Boardman,cars.com / referral,2366,1853,4260,17,11,28
2024-05,Nissan Boardman,direct / (none),5766,4500,7600,43,69,112
2024-05,Nissan Boardman,email / newsletter,851,669,1060,11,3,14
2024-05,Nissan Boardman,facebook / paid,3921,3007,4558,9,13,22
2024-05,Nissan Boardman,google / cpc,12252,8892,14352,132,206,338
2024-05,Nissan Boardman,google / organic,14968,10965,23842,66,96,162
2024-05,Nissan Boardman,iHeartMedia / radio,5162,3991,5839,23,53,76
2024-06,Chevrolet Cranberry,autotrader / referral,1640,1215,2507,14,7,21
2024-06,Chevrolet Cranberry,bing / cpc,1013,713,2160,4,6,10
2024-06,Chevrolet Cranberry,cars.com / referral,1830,1450,2627,16,9,25
2024-06,Chevrolet Cranberry,direct / (none),3888,2752,5151,32,48,80
2024-06,Chevrolet Cranberry,email / newsletter,223,166,279,3,1,4
2024-06,Chevrolet Cranberry,facebook / paid,2711,2059,2557,5,7,12
2024-06,Chevrolet Cranberry,google / cpc,8681,6663,10705,95,136,231
2024-06,Chevrolet Cranberry,google / organic,12010,8492,20502,73,108,181
2024-06,Chevrolet Cranberry,iHeartMedia / radio,5413,3974,5785,25,55,80
2024-06,Honda Monroeville,autotrader / referral,1277,918,2069,13,7,20
2024-06,Honda Monroeville,bing / cpc,838,624,1513,4,6,10
2024-06,Honda Monroeville,cars.com / referral,1553,1213,2693,15,9,24
2024-06,Honda Monroeville,direct / (none),3324,2383,3767,25,43,68
2024-06,Honda Monroeville,email / newsletter,178,140,232,2,0,2
2024-06,Honda Monroeville,facebook / paid,2083,1637,1908,4,5,9
2024-06,Honda Monroeville,google / cpc,7171,5218,7445,78,114,192
2024-06,Honda Monroeville,google / organic,8662,6797,18158,50,84,134
2024-06,Honda Monroeville,iHeartMedia / radio,3717,2649,4295,18,43,61
2024-06,Nissan Boardman,autotrader / referral,1972,1490,2978,17,8,25
2024-06,Nissan Boardman,bing / cpc,1515,1118,2823,10,12,22
2024-06,Nissan Boardman,cars.com / referral,2464,1913,3998,19,12,31
2024-06,Nissan Boardman,direct / (none),5409,3790,6623,48,78,126
2024-06,Nissan Boardman,email / newsletter,326,246,426,4,1,5
2024-06,Nissan Boardman,facebook / paid,3955,2831,3892,6,9,15
2024-06,Nissan Boardman,google / cpc,11511,8583,12388,127,190,317
2024-06,Nissan Boardman,google / organic,15777,11432,27489,93,125,218
2024-06,Nissan Boardman,iHeartMedia / radio,7604,5680,9625,42,90,132
2024-07,Chevrolet Cranberry,autotrader / referral,1324,1054,2410,11,6,17
2024-07,Chevrolet Cranberry,bing / cpc,1089,799,2189,7,9,16
2024-07,Chevrolet Cranberry,cars.com / referral,1763,1292,3888,18,10,28
2024-07,Chevrolet Cranberry,direct / (none),3663,2910,4064,28,40,68
2024-07,Chevrolet Cranberry,email / newsletter,615,448,911,10,3,13
2024-07,Chevrolet Cranberry,facebook / paid,2817,2007,2569,5,7,12
2024-07,Chevrolet Cranberry,google / cpc,7932,6279,6740,112,182,294
2024-07,Chevrolet Cranberry,google / organic,11874,8488,26401,74,105,179
2024-07,Chevrolet Cranberry,iHeartMedia / radio,4357,3070,5534,20,43,63
2024-07,Honda Monroeville,autotrader / referral,1068,777,2067,8,4,12
2024-07,Honda Monroeville,bing / cpc,844,625,1792,5,8,13
2024-07,Honda Monroeville,cars.com / referral,1315,1036,2203,11,6,17
2024-07,Honda Monroeville,direct / (none),3123,2436,3296,25,38,63
2024-07,Honda Monroeville,email / newsletter,554,429,854,9,2,11
2024-07,Honda Monroeville,facebook / paid,2379,1818,2188,5,8,13
2024-07,Honda Monroeville,google / cpc,5925,4688,5424,70,93,163
2024-07,Honda Monroeville,google / organic,8807,6383,18819,40,57,97
2024-07,Honda Monroeville,iHeartMedia / radio,3581,2609,4026,18,43,61
2024-07,Nissan Boardman,autotrader / referral,2166,1531,4145,23,13,36
2024-07,Nissan Boardman,bing / cpc,1349,1026,2482,10,14,24
2024-07,Nissan Boardman,cars.com / referral,2375,1689,4586,23,14,37
2024-07,Nissan Boardman,direct / (none),5947,4709,6932,50,66,116
2024-07,Nissan Boardman,email / newsletter,802,632,1124,13,4,17
2024-07,Nissan Boardman,facebook / paid,3937,3093,3212,8,10,18
2024-07,Nissan Boardman,google / cpc,11784,9082,13603,169,216,385
2024-07,Nissan Boardman,google / organic,15117,11136,32410,74,97,171
2024-07,Nissan Boardman,iHeartMedia / radio,6309,4934,7586,32,71,103
2024-08,Chevrolet Cranberry,autotrader / referral,1643,1177,3357,14,7,21
2024-08,Chevrolet Cranberry,bing / cpc,1118,782,2160,9,14,23
2024-08,Chevrolet Cranberry,cars.com / referral,1811,1352,3597,17,9,26
2024-08,Chevrolet Cranberry,direct / (none),4023,3169,4257,34,56,90
2024-08,Chevrolet Cranberry,email / newsletter,250,176,419,3,1,4
2024-08,Chevrolet Cranberry,facebook / paid,3229,2570,2762,8,11,19
2024-08,Chevrolet Cranberry,google / cpc,7314,5429,9114,104,168,272
2024-08,Chevrolet Cranberry,google / organic,12573,9546,32522,70,118,188
2024-08,Chevrolet Cranberry,iHeartMedia / radio,4205,3256,5270,23,47,70
2024-08,Honda Monroeville,autotrader / referral,1094,872,2068,6,3,9
2024-08,Honda Monroeville,bing / cpc,903,646,1684,5,7,12
2024-08,Honda Monroeville,cars.com / referral,1537,1187,3194,15,9,24
2024-08,Honda Monroeville,direct / (none),3627,2610,3295,32,44,76
2024-08,Honda Monroeville,email / newsletter,187,146,295,3,0,3
2024-08,Honda Monroeville,facebook / paid,2521,1893,1852,5,6,11
2024-08,Honda Monroeville,google / cpc,4875,3891,5607,64,100,164
2024-08,Honda Monroeville,google / organic,8910,6730,22229,61,98,159
2024-08,Honda Monroeville,iHeartMedia / radio,3110,2290,3151,17,39,56
2024-08,Nissan Boardman,autotrader / referral,2041,1451,3282,14,8,22
2024-08,Nissan Boardman,bing / cpc,1321,943,2791,11,17,28
2024-08,Nissan Boardman,cars.com / referral,2488,1783,4999,26,14,40
2024-08,Nissan Boardman,direct / (none),6218,4735,6031,56,94,150
2024-08,Nissan Boardman,email / newsletter,312,230,461,5,1,6
2024-08,Nissan Boardman,facebook / paid,4287,3129,3603,9,9,18
2024-08,Nissan Boardman,google / cpc,9063,7091,9095,119,170,289
2024-08,Nissan Boardman,google / organic,17356,13013,38845,112,181,293
2024-08,Nissan Boardman,iHeartMedia / radio,5638,4386,5543,36,79,115
2024-09,Chevrolet Cranberry,autotrader / referral,1215,862,2107,8,4,12
2024-09,Chevrolet Cranberry,bing / cpc,969,711,1848,7,11,18
2024-09,Chevrolet Cranberry,cars.com / referral,1662,1179,4491,21,13,34
2024-09,Chevrolet Cranberry,direct / (none),3828,2679,3114,34,51,85
2024-09,Chevrolet Cranberry,email / newsletter,614,477,1006,12,4,16
2024-09,Chevrolet Cranberry,facebook / paid,2779,2023,1932,6,6,12
2024-09,Chevrolet Cranberry,google / cpc,4983,3736,5884,82,131,213
2024-09,Chevrolet Cranberry,google / organic,11598,9270,30357,91,143,234
2024-09,Chevrolet Cranberry,iHeartMedia / radio,3350,2614,4383,21,50,71
2024-09,Honda Monroeville,autotrader / referral,1128,823,1931,6,3,9
2024-09,Honda Monroeville,bing / cpc,750,568,1465,5,8,13
2024-09,Honda Monroeville,cars.com / referral,1305,1042,3149,14,7,21
2024-09,Honda Monroeville,direct / (none),3332,2661,2641,26,45,71
2024-09,Honda Monroeville,email / newsletter,449,328,808,9,2,11
2024-09,Honda Monroeville,facebook / paid,2106,1648,1452,4,5,9
2024-09,Honda Monroeville,google / cpc,3529,2713,4707,58,73,131
2024-09,Honda Monroeville,google / organic,7620,5513,18052,63,85,148
2024-09,Honda Monroeville,iHeartMedia / radio,2360,1713,2588,14,37,51
2024-09,Nissan Boardman,autotrader / referral,1955,1445,4332,13,7,20
2024-09,Nissan Boardman,bing / cpc,1227,922,2596,11,14,25
2024-09,Nissan Boardman,cars.com / referral,2419,1776,6567,28,16,44
2024-09,Nissan Boardman,direct / (none),5398,4073,5197,45,73,118
2024-09,Nissan Boardman,email / newsletter,915,698,1655,18,5,23
2024-09,Nissan Boardman,facebook / paid,3898,3008,3064,10,14,24
2024-09,Nissan Boardman,google / cpc,7222,5331,7363,103,141,244
2024-09,Nissan Boardman,google / organic,14531,11277,35373,90,142,232
2024-09,Nissan Boardman,iHeartMedia / radio,4590,3361,6033,30,68,98
2024-10,Chevrolet Cranberry,autotrader / referral,1173,902,2287,7,3,10
2024-10,Chevrolet Cranberry,bing / cpc,1015,806,1883,8,11,19
2024-10,Chevrolet Cranberry,cars.com / referral,1704,1265,4406,26,14,40
2024-10,Chevrolet Cranberry,direct / (none),3380,2515,2417,25,38,63
2024-10,Chevrolet Cranberry,email / newsletter,214,163,383,4,1,5
2024-10,Chevrolet Cranberry,facebook / paid,2974,2099,2171,8,11,19
2024-10,Chevrolet Cranberry,google / cpc,3712,2776,5188,62,95,157
2024-10,Chevrolet Cranberry,google / organic,9683,6856,24451,69,115,184
2024-10,Chevrolet Cranberry,iHeartMedia / radio,2493,1811,3856,16,32,48
2024-10,Honda Monroeville,autotrader / referral,944,717,2238,5,3,8
2024-10,Honda Monroeville,bing / cpc,717,539,1363,6,8,14
2024-10,Honda Monroeville,cars.com / referral,1151,820,3062,17,10,27
2024-10,Honda Monroeville,direct / (none),3035,2294,2597,26,39,65
2024-10,Honda Monroeville,email / newsletter,148,118,252,2,0,2
2024-10,Honda Monroeville,facebook / paid,2461,1727,1986,5,7,12
2024-10,Honda Monroeville,google / cpc,3211,2362,4809,49,64,113
2024-10,Honda Monroeville,google / organic,7543,5920,18358,65,96,161
2024-10,Honda Monroeville,iHeartMedia / radio,2200,1651,2831,15,30,45
2024-10,Nissan Boardman,autotrader / referral,1660,1298,3497,11,6,17
2024-10,Nissan Boardman,bing / cpc,1177,924,1989,10,11,21
2024-10,Nissan Boardman,cars.com / referral,1995,1533,5070,30,20,50
2024-10,Nissan Boardman,direct / (none),5312,3862,4398,47,81,128
2024-10,Nissan Boardman,email / newsletter,267,208,430,5,1,6
2024-10,Nissan Boardman,facebook / paid,4061,2995,2976,10,13,23
2024-10,Nissan Boardman,google / cpc,5243,4114,7086,82,120,202
2024-10,Nissan Boardman,google / organic,13125,9859,34351,93,151,244
2024-10,Nissan Boardman,iHeartMedia / radio,3408,2512,4348,21,43,64
2024-11,Chevrolet Cranberry,autotrader / referral,1152,916,2535,6,3,9
2024-11,Chevrolet Cranberry,bing / cpc,956,743,1457,9,11,20
2024-11,Chevrolet Cranberry,cars.com / referral,1421,1096,4273,21,15,36
2024-11,Chevrolet Cranberry,direct / (none),3795,2789,3168,30,48,78
2024-11,Chevrolet Cranberry,email / newsletter,595,472,975,13,3,16
2024-11,Chevrolet Cranberry,facebook / paid,3149,2448,2583,9,10,19
2024-11,Chevrolet Cranberry,google / cpc,3270,2366,5347,49,82,131
2024-11,Chevrolet Cranberry,google / organic,9070,6881,23230,76,95,171
2024-11,Chevrolet Cranberry,iHeartMedia / radio,1836,1296,2751,12,25,37
2024-11,Honda Monroeville,autotrader / referral,896,664,2272,6,3,9
2024-11,Honda Monroeville,bing / cpc,663,530,1140,6,8,14
2024-11,Honda Monroeville,cars.com / referral,1233,887,3789,21,14,35
2024-11,Honda Monroeville,direct / (none),2569,1873,2302,18,24,42
2024-11,Honda Monroeville,email / newsletter,418,301,664,8,2,10
2024-11,Honda Monroeville,facebook / paid,2403,1920,2050,6,8,14
2024-11,Honda Monroeville,google / cpc,2512,1931,4151,36,47,83
2024-11,Honda Monroeville,google / organic,7170,5377,17001,61,85,146
2024-11,Honda Monroeville,iHeartMedia / radio,1461,1141,2286,10,20,30
2024-11,Nissan Boardman,autotrader / referral,1382,1103,3692,8,5,13
2024-11,Nissan Boardman,bing / cpc,1265,902,2175,11,16,27
2024-11,Nissan Boardman,cars.com / referral,2185,1630,7270,37,24,61
2024-11,Nissan Boardman,direct / (none),4433,3369,4022,34,49,83
2024-11,Nissan Boardman,email / newsletter,808,586,1502,17,4,21
2024-11,Nissan Boardman,facebook / paid,4528,3492,3566,16,18,34
2024-11,Nissan Boardman,google / cpc,4214,3129,7103,65,93,158
2024-11,Nissan Boardman,google / organic,14038,11104,33613,136,205,341
2024-11,Nissan Boardman,iHeartMedia / radio,2740,1950,4853,16,39,55
2024-12,Chevrolet Cranberry,autotrader / referral,1264,1010,3792,10,6,16
2024-12,Chevrolet Cranberry,bing / cpc,961,751,1506,10,13,23
2024-12,Chevrolet Cranberry,cars.com / referral,1646,1293,5609,26,13,39
2024-12,Chevrolet Cranberry,direct / (none),3925,3043,3456,27,35,62
2024-12,Chevrolet Cranberry,email / newsletter,224,169,341,5,1,6
2024-12,Chevrolet Cranberry,facebook / paid,3394,2582,3196,12,14,26
2024-12,Chevrolet Cranberry,google / cpc,3368,2605,6179,52,77,129
2024-12,Chevrolet Cranberry,google / organic,11264,8899,26269,95,121,216
2024-12,Chevrolet Cranberry,iHeartMedia / radio,1692,1239,3295,10,22,32
2024-12,Honda Monroeville,autotrader / referral,917,705,2689,4,2,6
2024-12,Honda Monroeville,bing / cpc,726,551,1060,7,10,17
2024-12,Honda Monroeville,cars.com / referral,1308,1017,3864,20,14,34
2024-12,Honda Monroeville,direct / (none),2996,2367,2589,19,24,43
2024-12,Honda Monroeville,email / newsletter,164,127,272,4,1,5
2024-12,Honda Monroeville,facebook / paid,3110,2367,2831,12,14,26
2024-12,Honda Monroeville,google / cpc,3203,2502,5100,48,64,112
2024-12,Honda Monroeville,google / organic,9364,6907,21681,96,136,232
2024-12,Honda Monroeville,iHeartMedia / radio,1567,1112,3114,9,22,31
2024-12,Nissan Boardman,autotrader / referral,1571,1230,4534,9,6,15
2024-12,Nissan Boardman,bing / cpc,1285,1008,1955,14,20,34
2024-12,Nissan Boardman,cars.com / referral,2633,1935,7862,46,29,75
2024-12,Nissan Boardman,direct / (none),5508,4351,4677,39,62,101
2024-12,Nissan Boardman,email / newsletter,316,223,510,8,2,10
2024-12,Nissan Boardman,facebook / paid,5247,3962,3994,19,21,40
2024-12,Nissan Boardman,google / cpc,5345,4172,8474,79,109,188
2024-12,Nissan Boardman,google / organic,16384,11928,39329,156,239,395
2024-12,Nissan Boardman,iHeartMedia / radio,2479,1816,4274,14,31,45
2025-01,Chevrolet Cranberry,autotrader / referral,1019,728,3438,6,4,10
2025-01,Chevrolet Cranberry,bing / cpc,746,580,902,9,12,21
2025-01,Chevrolet Cranberry,cars.com / referral,1470,1104,4729,23,15,38
2025-01,Chevrolet Cranberry,direct / (none),3383,2451,3256,22,30,52
2025-01,Chevrolet Cranberry,email / newsletter,561,421,808,16,5,21
2025-01,Chevrolet Cranberry,facebook / paid,3076,2233,3065,10,12,22
2025-01,Chevrolet Cranberry,google / cpc,3722,2767,7004,56,72,128
2025-01,Chevrolet Cranberry,google / organic,8945,6578,19867,95,137,232
2025-01,Honda Monroeville,autotrader / referral,731,558,2245,5,2,7
2025-01,Honda Monroeville,bing / cpc,612,436,779,8,9,17
2025-01,Honda Monroeville,cars.com / referral,1261,898,4216,20,10,30
2025-01,Honda Monroeville,direct / (none),2869,2212,2966,17,24,41
2025-01,Honda Monroeville,email / newsletter,448,322,692,11,4,15
2025-01,Honda Monroeville,facebook / paid,2423,1720,2120,8,10,18
2025-01,Honda Monroeville,google / cpc,2913,2042,5449,47,63,110
2025-01,Honda Monroeville,google / organic,7362,5244,15437,82,123,205
2025-01,Nissan Boardman,autotrader / referral,1478,1106,4468,11,5,16
2025-01,Nissan Boardman,bing / cpc,1122,833,1330,12,18,30
2025-01,Nissan Boardman,cars.com / referral,1922,1456,6445,34,19,53
2025-01,Nissan Boardman,direct / (none),4673,3546,4546,32,53,85
2025-01,Nissan Boardman,email / newsletter,660,464,1069,18,4,22
2025-01,Nissan Boardman,facebook / paid,4034,3054,3524,14,17,31
2025-01,Nissan Boardman,google / cpc,5010,3832,9989,85,115,200
2025-01,Nissan Boardman,google / organic,12001,9251,25333,129,210,339
2025-02,Chevrolet Cranberry,autotrader / referral,1104,869,3877,7,3,10
2025-02,Chevrolet Cranberry,bing / cpc,914,714,939,11,16,27
2025-02,Chevrolet Cranberry,cars.com / referral,1469,1141,4409,26,17,43
2025-02,Chevrolet Cranberry,direct / (none),3694,2671,4459,21,30,51
2025-02,Chevrolet Cranberry,email / newsletter,208,156,282,6,1,7
2025-02,Chevrolet Cranberry,facebook / paid,3365,2569,3523,15,20,35
2025-02,Chevrolet Cranberry,google / cpc,4532,3320,8855,64,104,168
2025-02,Chevrolet Cranberry,google / organic,9588,7051,18324,94,151,245
2025-02,Honda Monroeville,autotrader / referral,793,631,2757,5,3,8
2025-02,Honda Monroeville,bing / cpc,721,547,704,8,12,20
2025-02,Honda Monroeville,cars.com / referral,1264,991,4053,22,12,34
2025-02,Honda Monroeville,direct / (none),2531,2023,2674,15,21,36
2025-02,Honda Monroeville,email / newsletter,143,108,175,4,1,5
2025-02,Honda Monroeville,facebook / paid,2473,1904,2724,12,14,26
2025-02,Honda Monroeville,google / cpc,3723,2792,8177,55,86,141
2025-02,Honda Monroeville,google / organic,7180,5041,14655,77,118,195
2025-02,Nissan Boardman,autotrader / referral,1456,1030,4662,10,5,15
2025-02,Nissan Boardman,bing / cpc,1061,834,993,14,17,31
2025-02,Nissan Boardman,cars.com / referral,1931,1459,6357,31,17,48
2025-02,Nissan Boardman,direct / (none),5130,4092,4919,28,45,73
2025-02,Nissan Boardman,email / newsletter,262,192,327,7,2,9
2025-02,Nissan Boardman,facebook / paid,4097,2934,4087,15,19,34
2025-02,Nissan Boardman,google / cpc,5798,4352,12446,93,145,238
2025-02,Nissan Boardman,google / organic,13960,10402,26169,159,218,377
2025-03,Chevrolet Cranberry,autotrader / referral,1054,838,3562,8,5,13
2025-03,Chevrolet Cranberry,bing / cpc,978,716,1103,13,18,31
2025-03,Chevrolet Cranberry,cars.com / referral,1700,1316,5519,31,19,50
2025-03,Chevrolet Cranberry,direct / (none),4352,3337,5715,22,33,55
2025-03,Chevrolet Cranberry,email / newsletter,582,410,690,16,5,21
2025-03,Chevrolet Cranberry,facebook / paid,3451,2567,4421,15,21,36
2025-03,Chevrolet Cranberry,google / cpc,6240,4457,12887,81,116,197
2025-03,Chevrolet Cranberry,google / organic,12369,9558,19714,123,172,295
2025-03,Honda Monroeville,autotrader / referral,986,750,3197,8,5,13
2025-03,Honda Monroeville,bing / cpc,772,590,904,10,15,25
2025-03,Honda Monroeville,cars.com / referral,1271,920,3725,22,12,34
2025-03,Honda Monroeville,direct / (none),3240,2422,3703,17,27,44
2025-03,Honda Monroeville,email / newsletter,532,402,637,14,3,17
2025-03,Honda Monroeville,facebook / paid,2595,2027,3423,13,17,30
2025-03,Honda Monroeville,google / cpc,5083,3999,10281,66,86,152
2025-03,Honda Monroeville,google / organic,8700,6447,14804,89,125,214
2025-03,Nissan Boardman,autotrader / referral,1680,1240,5559,12,7,19
2025-03,Nissan Boardman,bing / cpc,1354,977,1225,16,19,35
2025-03,Nissan Boardman,cars.com / referral,2197,1588,6100,43,23,66
2025-03,Nissan Boardman,direct / (none),5747,4416,6476,32,55,87
2025-03,Nissan Boardman,email / newsletter,907,646,1022,24,8,32
2025-03,Nissan Boardman,facebook / paid,4391,3091,5301,18,20,38
2025-03,Nissan Boardman,google / cpc,8594,6061,17425,122,154,276
2025-03,Nissan Boardman,google / organic,14016,10405,23092,153,206,359
2025-04,Chevrolet Cranberry,autotrader / referral,1070,817,3828,9,5,14
2025-04,Chevrolet Cranberry,bing / cpc,1102,794,946,12,15,27
2025-04,Chevrolet Cranberry,cars.com / referral,1722,1299,4626,31,16,47
2025-04,Chevrolet Cranberry,direct / (none),4377,3284,6531,24,32,56
2025-04,Chevrolet Cranberry,email / newsletter,236,173,253,6,1,7
2025-04,Chevrolet Cranberry,facebook / paid,3403,2562,4321,17,23,40
2025-04,Chevrolet Cranberry,google / cpc,7876,6268,17374,104,151,255
2025-04,Chevrolet Cranberry,google / organic,10448,8009,16315,124,188,312
2025-04,Honda Monroeville,autotrader / referral,937,716,3079,10,5,15
2025-04,Honda Monroeville,bing / cpc,776,593,760,9,11,20
2025-04,Honda Monroeville,cars.com / referral,1419,1098,3556,24,13,37
2025-04,Honda Monroeville,direct / (none),3149,2256,4493,15,23,38
2025-04,Honda Monroeville,email / newsletter,161,114,178,4,1,5
2025-04,Honda Monroeville,facebook / paid,2661,1894,3817,13,19,32
2025-04,Honda Monroeville,google / cpc,6214,4602,12770,91,124,215
2025-04,Honda Monroeville,google / organic,8899,6279,12816,87,109,196
2025-04,Nissan Boardman,autotrader / referral,1489,1125,4782,14,8,22
2025-04,Nissan Boardman,bing / cpc,1244,884,1347,15,21,36
2025-04,Nissan Boardman,cars.com / referral,2318,1833,6093,45,30,75
2025-04,Nissan Boardman,direct / (none),5875,4438,8914,27,42,69
2025-04,Nissan Boardman,email / newsletter,291,226,285,7,2,9
2025-04,Nissan Boardman,facebook / paid,4157,3221,5428,19,27,46
2025-04,Nissan Boardman,google / cpc,10498,7991,21018,123,170,293
2025-04,Nissan Boardman,google / organic,17068,13114,26084,193,314,507
2025-05,Chevrolet Cranberry,autotrader / referral,1250,950,4245,14,7,21
2025-05,Chevrolet Cranberry,bing / cpc,1000,722,1030,12,17,29
2025-05,Chevrolet Cranberry,cars.com / referral,1855,1467,4767,36,24,60
2025-05,Chevrolet Cranberry,direct / (none),4112,2903,6555,16,25,41
2025-05,Chevrolet Cranberry,email / newsletter,667,511,667,19,6,25
2025-05,Chevrolet Cranberry,facebook / paid,3214,2528,4467,18,24,42
2025-05,Chevrolet Cranberry,google / cpc,8586,6237,18925,117,174,291
2025-05,Chevrolet Cranberry,google / organic,12726,9556,16116,138,205,343
2025-05,Honda Monroeville,autotrader / referral,813,607,2526,10,6,16
2025-05,Honda Monroeville,bing / cpc,785,627,667,10,14,24
2025-05,Honda Monroeville,cars.com / referral,1459,1045,3472,29,17,46
2025-05,Honda Monroeville,direct / (none),3201,2478,4708,14,22,36
2025-05,Honda Monroeville,email / newsletter,472,375,425,14,4,18
2025-05,Honda Monroeville,facebook / paid,2564,1856,3412,12,14,26
2025-05,Honda Monroeville,google / cpc,7084,5042,15731,92,149,241
2025-05,Honda Monroeville,google / organic,9342,7292,14212,99,162,261
2025-05,Nissan Boardman,autotrader / referral,1510,1106,4872,15,8,23
2025-05,Nissan Boardman,bing / cpc,1378,1085,1612,17,23,40
2025-05,Nissan Boardman,cars.com / referral,2320,1747,6137,40,23,63
2025-05,Nissan Boardman,direct / (none),5604,4317,8788,19,30,49
2025-05,Nissan Boardman,email / newsletter,851,653,744,24,7,31
2025-05,Nissan Boardman,facebook / paid,4315,3032,5870,24,32,56
2025-05,Nissan Boardman,google / cpc,12531,9119,26670,136,190,326
2025-05,Nissan Boardman,google / organic,14818,10499,21269,174,218,392
2025-06,Chevrolet Cranberry,autotrader / referral,1159,920,3883,14,9,23
2025-06,Chevrolet Cranberry,bing / cpc,933,707,1093,12,17,29
2025-06,Chevrolet Cranberry,cars.com / referral,1842,1428,4011,31,21,52
2025-06,Chevrolet Cranberry,direct / (none),4204,3354,7254,15,24,39
2025-06,Chevrolet Cranberry,email / newsletter,239,175,197,6,2,8
2025-06,Chevrolet Cranberry,facebook / paid,3176,2445,4468,17,19,36
2025-06,Chevrolet Cranberry,google / cpc,9373,7353,17331,107,157,264
2025-06,Chevrolet Cranberry,google / organic,12736,9565,14232,126,162,288
2025-06,Honda Monroeville,autotrader / referral,936,744,2773,11,7,18
2025-06,Honda Monroeville,bing / cpc,725,515,834,8,9,17
2025-06,Honda Monroeville,cars.com / referral,1463,1077,2818,26,18,44
2025-06,Honda Monroeville,direct / (none),3395,2511,5240,12,18,30
2025-06,Honda Monroeville,email / newsletter,183,136,184,5,1,6
2025-06,Honda Monroeville,facebook / paid,2077,1558,3012,10,11,21
2025-06,Honda Monroeville,google / cpc,7370,5466,15272,86,108,194
2025-06,Honda Monroeville,google / organic,10172,7862,13032,106,169,275
2025-06,Nissan Boardman,autotrader / referral,1366,1030,4023,19,11,30
2025-06,Nissan Boardman,bing / cpc,1284,902,1635,15,21,36
2025-06,Nissan Boardman,cars.com / referral,2660,2052,6298,51,34,85
2025-06,Nissan Boardman,direct / (none),5312,4040,8733,19,27,46
2025-06,Nissan Boardman,email / newsletter,304,219,236,7,2,9
2025-06,Nissan Boardman,facebook / paid,3713,2859,5511,20,26,46
2025-06,Nissan Boardman,google / cpc,13159,10072,27076,132,204,336
2025-06,Nissan Boardman,google / organic,14905,11568,15683,142,207,349
2025-07,Chevrolet Cranberry,autotrader / referral,1056,818,2808,15,9,24
2025-07,Chevrolet Cranberry,bing / cpc,1066,805,1223,11,15,26
2025-07,Chevrolet Cranberry,cars.com / referral,1887,1469,3994,30,18,48
2025-07,Chevrolet Cranberry,direct / (none),4427,3455,7166,12,20,32
2025-07,Chevrolet Cranberry,email / newsletter,580,442,470,14,4,18
2025-07,Chevrolet Cranberry,facebook / paid,2478,1858,3569,14,18,32
2025-07,Chevrolet Cranberry,google / cpc,8032,6345,13444,70,91,161
2025-07,Chevrolet Cranberry,google / organic,12215,8687,13849,108,163,271
2025-07,Honda Monroeville,autotrader / referral,837,637,2138,13,8,21
2025-07,Honda Monroeville,bing / cpc,708,512,832,8,10,18
2025-07,Honda Monroeville,cars.com / referral,1394,1046,2655,22,13,35
2025-07,Honda Monroeville,direct / (none),3135,2410,4725,8,11,19
2025-07,Honda Monroeville,email / newsletter,439,317,349,12,3,15
2025-07,Honda Monroeville,facebook / paid,2240,1602,3059,12,14,26
2025-07,Honda Monroeville,google / cpc,6266,4863,10255,68,96,164
2025-07,Honda Monroeville,google / organic,8621,6823,9660,88,113,201
2025-07,Nissan Boardman,autotrader / referral,1325,954,3419,20,11,31
2025-07,Nissan Boardman,bing / cpc,1382,982,1745,15,18,33
2025-07,Nissan Boardman,cars.com / referral,2420,1809,4625,37,19,56
2025-07,Nissan Boardman,direct / (none),5131,3830,8726,18,25,43
2025-07,Nissan Boardman,email / newsletter,849,617,600,24,7,31
2025-07,Nissan Boardman,facebook / paid,3565,2850,5310,21,26,47
2025-07,Nissan Boardman,google / cpc,11584,8180,18189,96,122,218
2025-07,Nissan Boardman,google / organic,16167,11952,22278,161,232,393
2025-08,Chevrolet Cranberry,autotrader / referral,1070,794,2694,16,9,25
2025-08,Chevrolet Cranberry,bing / cpc,1029,795,1626,10,15,25
2025-08,Chevrolet Cranberry,cars.com / referral,2006,1558,3351,33,22,55
2025-08,Chevrolet Cranberry,direct / (none),3922,3125,6550,9,16,25
2025-08,Chevrolet Cranberry,email / newsletter,226,177,227,5,1,6
2025-08,Chevrolet Cranberry,facebook / paid,2797,2233,4019,16,24,40
2025-08,Chevrolet Cranberry,google / cpc,6720,4865,11132,51,74,125
2025-08,Chevrolet Cranberry,google / organic,13344,10438,14690,134,210,344
2025-08,Chevrolet Cranberry,iHeartMedia / radio,390,303,685,1,3,4
2025-08,Honda Monroeville,autotrader / referral,896,661,2131,14,7,21
2025-08,Honda Monroeville,bing / cpc,809,569,1050,7,9,16
2025-08,Honda Monroeville,cars.com / referral,1382,996,2110,20,10,30
2025-08,Honda Monroeville,direct / (none),3229,2461,5214,8,12,20
2025-08,Honda Monroeville,email / newsletter,162,128,144,3,1,4
2025-08,Honda Monroeville,facebook / paid,2289,1731,3168,13,16,29
2025-08,Honda Monroeville,google / cpc,5373,3830,7351,47,77,124
2025-08,Honda Monroeville,google / organic,9674,7315,13487,86,126,212
2025-08,Honda Monroeville,iHeartMedia / radio,291,219,502,1,2,3
2025-08,Nissan Boardman,autotrader / referral,1463,1086,3318,20,12,32
2025-08,Nissan Boardman,bing / cpc,1521,1102,2386,15,20,35
2025-08,Nissan Boardman,cars.com / referral,2421,1809,3517,36,22,58
2025-08,Nissan Boardman,direct / (none),5876,4693,10081,18,23,41
2025-08,Nissan Boardman,email / newsletter,303,226,290,7,1,8
2025-08,Nissan Boardman,facebook / paid,3637,2686,4643,21,27,48
2025-08,Nissan Boardman,google / cpc,8400,6138,13040,84,116,200
2025-08,Nissan Boardman,google / organic,16036,12627,20228,136,223,359
2025-08,Nissan Boardman,iHeartMedia / radio,497,390,768,1,3,4
2025-09,Chevrolet Cranberry,autotrader / referral,829,648,2058,13,7,20
2025-09,Chevrolet Cranberry,bing / cpc,944,663,1700,10,13,23
2025-09,Chevrolet Cranberry,cars.com / referral,1545,1089,2792,21,12,33
2025-09,Chevrolet Cranberry,direct / (none),3919,2839,6421,10,14,24
2025-09,Chevrolet Cranberry,email / newsletter,531,380,565,11,3,14
2025-09,Chevrolet Cranberry,facebook / paid,2885,2114,3779,16,21,37
2025-09,Chevrolet Cranberry,google / cpc,4481,3139,5440,39,63,102
2025-09,Chevrolet Cranberry,google / organic,10189,7669,14384,77,119,196
2025-09,Chevrolet Cranberry,iHeartMedia / radio,547,428,736,1,2,3
2025-09,Honda Monroeville,autotrader / referral,691,529,1357,10,5,15
2025-09,Honda Monroeville,bing / cpc,716,534,1320,7,10,17
2025-09,Honda Monroeville,cars.com / referral,1342,1006,1932,20,14,34
2025-09,Honda Monroeville,direct / (none),2830,2130,4270,9,14,23
2025-09,Honda Monroeville,email / newsletter,485,365,514,12,4,16
2025-09,Honda Monroeville,facebook / paid,2030,1550,2617,10,12,22
2025-09,Honda Monroeville,google / cpc,3749,2961,4452,26,37,63
2025-09,Honda Monroeville,google / organic,7940,5939,12426,66,86,152
2025-09,Honda Monroeville,iHeartMedia / radio,436,325,606,1,4,5
2025-09,Nissan Boardman,autotrader / referral,1242,897,2980,19,9,28
2025-09,Nissan Boardman,bing / cpc,1345,1035,2114,12,17,29
2025-09,Nissan Boardman,cars.com / referral,2292,1795,3727,34,22,56
2025-09,Nissan Boardman,direct / (none),5013,3673,7708,20,31,51
2025-09,Nissan Boardman,email / newsletter,722,523,774,18,5,23
2025-09,Nissan Boardman,facebook / paid,3999,2962,5214,20,27,47
2025-09,Nissan Boardman,google / cpc,7349,5211,10744,54,82,136
2025-09,Nissan Boardman,google / organic,13806,10762,18696,115,143,258
2025-09,Nissan Boardman,iHeartMedia / radio,815,629,1137,3,7,10
2025-10,Chevrolet Cranberry,autotrader / referral,901,646,1466,14,7,21
2025-10,Chevrolet Cranberry,bing / cpc,801,574,1446,7,10,17
2025-10,Chevrolet Cranberry,cars.com / referral,1479,1181,2030,18,10,28
2025-10,Chevrolet Cranberry,direct / (none),3584,2516,4533,14,21,35
2025-10,Chevrolet Cranberry,email / newsletter,192,134,222,4,1,5
2025-10,Chevrolet Cranberry,facebook / paid,2981,2329,3617,15,18,33
2025-10,Chevrolet Cranberry,google / cpc,4260,3061,5167,23,35,58
2025-10,Chevrolet Cranberry,google / organic,10162,7574,16701,83,105,188
2025-10,Chevrolet Cranberry,iHeartMedia / radio,879,680,1281,2,6,8
2025-10,Honda Monroeville,autotrader / referral,669,497,1346,10,6,16
2025-10,Honda Monroeville,bing / cpc,743,567,1314,6,7,13
2025-10,Honda Monroeville,cars.com / referral,1148,875,1740,13,7,20
2025-10,Honda Monroeville,direct / (none),2813,2216,4283,8,13,21
2025-10,Honda Monroeville,email / newsletter,161,112,169,3,1,4
2025-10,Honda Monroeville,facebook / paid,2232,1664,2331,11,13,24
2025-10,Honda Monroeville,google / cpc,3179,2301,4152,26,39,65
2025-10,Honda Monroeville,google / organic,8821,6936,13544,66,91,157
2025-10,Honda Monroeville,iHeartMedia / radio,702,541,1019,1,4,5
2025-10,Nissan Boardman,autotrader / referral,1034,730,2196,16,10,26
2025-10,Nissan Boardman,bing / cpc,1066,796,1830,8,9,17
2025-10,Nissan Boardman,cars.com / referral,2376,1734,3554,27,17,44
2025-10,Nissan Boardman,direct / (none),4735,3723,5918,18,32,50
2025-10,Nissan Boardman,email / newsletter,255,182,261,4,1,5
2025-10,Nissan Boardman,facebook / paid,3565,2685,3774,20,22,42
2025-10,Nissan Boardman,google / cpc,5787,4262,7524,34,53,87
2025-10,Nissan Boardman,google / organic,14840,10996,26074,105,151,256
2025-10,Nissan Boardman,iHeartMedia / radio,1206,945,1373,3,8,11
2025-11,Chevrolet Cranberry,autotrader / referral,802,615,1596,13,7,20
2025-11,Chevrolet Cranberry,bing / cpc,853,601,1655,6,8,14
2025-11,Chevrolet Cranberry,cars.com / referral,1656,1312,2397,21,12,33
2025-11,Chevrolet Cranberry,direct / (none),3355,2493,4353,15,21,36
2025-11,Chevrolet Cranberry,email / newsletter,521,393,646,10,3,13
2025-11,Chevrolet Cranberry,facebook / paid,3140,2333,3226,18,22,40
2025-11,Chevrolet Cranberry,google / cpc,3109,2261,3064,24,31,55
2025-11,Chevrolet Cranberry,google / organic,10937,7796,22553,68,102,170
2025-11,Chevrolet Cranberry,iHeartMedia / radio,1391,1072,1527,2,7,9
2025-11,Honda Monroeville,autotrader / referral,616,445,1150,10,5,15
2025-11,Honda Monroeville,bing / cpc,689,507,1462,5,7,12
2025-11,Honda Monroeville,cars.com / referral,1310,960,2534,13,7,20
2025-11,Honda Monroeville,direct / (none),2559,1868,2895,9,15,24
2025-11,Honda Monroeville,email / newsletter,410,291,601,6,1,7
2025-11,Honda Monroeville,facebook / paid,2158,1724,2261,11,14,25
2025-11,Honda Monroeville,google / cpc,2408,1858,2982,18,25,43
2025-11,Honda Monroeville,google / organic,8545,6084,17825,64,95,159
2025-11,Honda Monroeville,iHeartMedia / radio,981,775,1049,2,5,7
2025-11,Nissan Boardman,autotrader / referral,1073,782,2034,17,11,28
2025-11,Nissan Boardman,bing / cpc,1029,756,1884,7,9,16
2025-11,Nissan Boardman,cars.com / referral,1865,1447,2920,24,15,39
2025-11,Nissan Boardman,direct / (none),4422,3485,6086,17,26,43
2025-11,Nissan Boardman,email / newsletter,696,520,884,13,3,16
2025-11,Nissan Boardman,facebook / paid,3702,2762,3298,18,21,39
2025-11,Nissan Boardman,google / cpc,4636,3426,5128,25,38,63
2025-11,Nissan Boardman,google / organic,13572,9572,24868,96,162,258
2025-11,Nissan Boardman,iHeartMedia / radio,1830,1302,1743,4,9,13
2025-12,Chevrolet Cranberry,autotrader / referral,829,608,1511,15,9,24
2025-12,Chevrolet Cranberry,bing / cpc,933,724,1971,6,8,14
2025-12,Chevrolet Cranberry,cars.com / referral,1752,1270,3308,16,9,25
2025-12,Chevrolet Cranberry,direct / (none),4203,3099,4716,18,30,48
2025-12,Chevrolet Cranberry,email / newsletter,195,143,289,3,1,4
2025-12,Chevrolet Cranberry,facebook / paid,3517,2539,3094,18,22,40
2025-12,Chevrolet Cranberry,google / cpc,3860,2988,3587,23,38,61
2025-12,Chevrolet Cranberry,google / organic,11706,8441,24339,61,101,162
2025-12,Chevrolet Cranberry,iHeartMedia / radio,2000,1406,2269,5,12,17
2025-12,Honda Monroeville,autotrader / referral,653,516,1036,10,5,15
2025-12,Honda Monroeville,bing / cpc,691,515,1336,4,6,10
2025-12,Honda Monroeville,cars.com / referral,1322,930,2542,13,9,22
2025-12,Honda Monroeville,direct / (none),3465,2722,3682,17,29,46
2025-12,Honda Monroeville,email / newsletter,150,112,233,2,0,2
2025-12,Honda Monroeville,facebook / paid,3051,2301,3057,16,21,37
2025-12,Honda Monroeville,google / cpc,2732,1915,2848,18,23,41
2025-12,Honda Monroeville,google / organic,9034,6433,18601,52,69,121
2025-12,Honda Monroeville,iHeartMedia / radio,1445,1078,1825,4,7,11
2025-12,Nissan Boardman,autotrader / referral,1158,883,1745,21,11,32
2025-12,Nissan Boardman,bing / cpc,1261,972,2448,8,11,19
2025-12,Nissan Boardman,cars.com / referral,2621,1837,4808,24,13,37
2025-12,Nissan Boardman,direct / (none),5283,4148,5509,20,34,54
2025-12,Nissan Boardman,email / newsletter,301,223,435,4,1,5
2025-12,Nissan Boardman,facebook / paid,5308,4091,4941,28,31,59
2025-12,Nissan Boardman,google / cpc,4972,3826,5568,38,53,91
2025-12,Nissan Boardman,google / organic,15185,11346,33537,98,159,257
2025-12,Nissan Boardman,iHeartMedia / radio,2610,1962,2440,5,13,18
2026-01,Chevrolet Cranberry,autotrader / referral,681,539,1092,11,7,18
2026-01,Chevrolet Cranberry,bing / cpc,744,572,1467,4,6,10
2026-01,Chevrolet Cranberry,cars.com / referral,1448,1093,3095,12,8,20
2026-01,Chevrolet Cranberry,direct / (none),3538,2685,3670,18,24,42
2026-01,Chevrolet Cranberry,email / newsletter,519,363,914,7,2,9
2026-01,Chevrolet Cranberry,facebook / paid,3319,2454,2401,13,17,30
2026-01,Chevrolet Cranberry,google / cpc,3698,2674,3434,24,36,60
2026-01,Chevrolet Cranberry,google / organic,9002,6346,21009,40,59,99
2026-01,Chevrolet Cranberry,iHeartMedia / radio,2020,1529,2647,6,12,18
2026-01,Honda Monroeville,autotrader / referral,502,393,941,9,5,14
2026-01,Honda Monroeville,bing / cpc,561,412,1055,2,4,6
2026-01,Honda Monroeville,cars.com / referral,1203,936,2764,12,8,20
2026-01,Honda Monroeville,direct / (none),2443,1730,2046,12,17,29
2026-01,Honda Monroeville,email / newsletter,398,316,597,5,1,6
2026-01,Honda Monroeville,facebook / paid,2419,1834,1910,11,12,23
2026-01,Honda Monroeville,google / cpc,2997,2189,3448,16,20,36
2026-01,Honda Monroeville,google / organic,7535,5300,17837,34,43,77
2026-01,Honda Monroeville,iHeartMedia / radio,1419,1106,1582,3,7,10
2026-01,Nissan Boardman,autotrader / referral,993,738,1704,18,11,29
2026-01,Nissan Boardman,bing / cpc,997,704,2171,6,7,13
2026-01,Nissan Boardman,cars.com / referral,2026,1608,4876,16,9,25
2026-01,Nissan Boardman,direct / (none),4464,3240,4207,24,33,57
2026-01,Nissan Boardman,email / newsletter,649,511,1074,8,2,10
2026-01,Nissan Boardman,facebook / paid,4069,2957,2674,18,22,40
2026-01,Nissan Boardman,google / cpc,4566,3512,5520,27,40,67
2026-01,Nissan Boardman,google / organic,12764,9310,30929,64,84,148
2026-01,Nissan Boardman,iHeartMedia / radio,2572,2053,2506,7,16,23
2026-02,Chevrolet Cranberry,autotrader / referral,776,544,1551,12,7,19
2026-02,Chevrolet Cranberry,bing / cpc,789,629,1517,3,5,8
2026-02,Chevrolet Cranberry,cars.com / referral,1388,1011,3914,11,7,18
2026-02,Chevrolet Cranberry,direct / (none),3384,2680,2387,20,29,49
2026-02,Chevrolet Cranberry,email / newsletter,177,127,308,2,0,2
2026-02,Chevrolet Cranberry,google / cpc,4438,3500,6049,33,50,83
2026-02,Chevrolet Cranberry,google / organic,9848,7414,25351,41,66,107
2026-02,Chevrolet Cranberry,iHeartMedia / radio,2185,1596,2737,5,13,18
2026-02,Honda Monroeville,autotrader / referral,590,461,1311,9,5,14
2026-02,Honda Monroeville,bing / cpc,695,540,1364,4,6,10
2026-02,Honda Monroeville,cars.com / referral,1273,969,3396,12,7,19
2026-02,Honda Monroeville,direct / (none),2532,1900,1888,15,22,37
2026-02,Honda Monroeville,email / newsletter,135,95,244,1,0,1
2026-02,Honda Monroeville,google / cpc,3739,2638,3923,29,45,74
2026-02,Honda Monroeville,google / organic,8218,6019,21048,35,58,93
2026-02,Honda Monroeville,iHeartMedia / radio,1619,1203,1960,3,7,10
2026-02,Nissan Boardman,autotrader / referral,915,725,1997,14,7,21
2026-02,Nissan Boardman,bing / cpc,1144,906,2177,7,9,16
2026-02,Nissan Boardman,cars.com / referral,2016,1441,5263,14,9,23
2026-02,Nissan Boardman,direct / (none),4697,3350,3660,23,34,57
2026-02,Nissan Boardman,email / newsletter,226,165,412,2,0,2
2026-02,Nissan Boardman,google / cpc,5619,3933,6408,28,36,64
2026-02,Nissan Boardman,google / organic,14308,10341,35711,52,84,136
2026-02,Nissan Boardman,iHeartMedia / radio,3094,2311,4360,10,22,32
2026-03,Chevrolet Cranberry,autotrader / referral,768,586,1801,11,6,17
2026-03,Chevrolet Cranberry,bing / cpc,860,604,1601,4,5,9
2026-03,Chevrolet Cranberry,cars.com / referral,1605,1135,4751,13,9,22
2026-03,Chevrolet Cranberry,direct / (none),4274,3276,3741,25,41,66
2026-03,Chevrolet Cranberry,email / newsletter,620,453,1087,6,1,7
2026-03,Chevrolet Cranberry,google / cpc,6667,5176,8182,38,47,85
2026-03,Chevrolet Cranberry,google / organic,12201,9676,32092,49,72,121
2026-03,Chevrolet Cranberry,iHeartMedia / radio,2596,1893,4051,6,13,19
2026-03,Chevrolet Cranberry,tiktok / paid,394,276,413,0,0,0
2026-03,Honda Monroeville,autotrader / referral,629,447,1223,10,6,16
2026-03,Honda Monroeville,bing / cpc,791,557,1484,3,4,7
2026-03,Honda Monroeville,cars.com / referral,1428,1000,3994,11,7,18
2026-03,Honda Monroeville,direct / (none),3066,2201,2089,18,24,42
2026-03,Honda Monroeville,email / newsletter,465,349,855,5,1,6
2026-03,Honda Monroeville,google / cpc,5262,4044,7403,28,36,64
2026-03,Honda Monroeville,google / organic,10045,7422,23588,54,80,134
2026-03,Honda Monroeville,iHeartMedia / radio,1725,1275,2618,5,10,15
2026-03,Honda Monroeville,tiktok / paid,302,212,295,0,0,0
2026-03,Nissan Boardman,autotrader / referral,1176,930,2941,19,11,30
2026-03,Nissan Boardman,bing / cpc,1284,930,2455,6,8,14
2026-03,Nissan Boardman,cars.com / referral,2477,1868,6623,18,11,29
2026-03,Nissan Boardman,direct / (none),6104,4278,4058,35,52,87
2026-03,Nissan Boardman,email / newsletter,852,648,1442,9,2,11
2026-03,Nissan Boardman,google / cpc,8647,6893,12656,49,77,126
2026-03,Nissan Boardman,google / organic,15333,11542,37242,56,81,137
2026-03,Nissan Boardman,iHeartMedia / radio,3322,2339,4693,10,20,30
2026-03,Nissan Boardman,tiktok / paid,576,433,585,0,1,1
2026-04,Chevrolet Cranberry,autotrader / referral,794,632,1811,11,7,18
2026-04,Chevrolet Cranberry,bing / cpc,917,671,1413,5,7,12
2026-04,Chevrolet Cranberry,cars.com / referral,1861,1448,5956,11,7,18
2026-04,Chevrolet Cranberry,direct / (none),4530,3329,3321,33,51,84
2026-04,Chevrolet Cranberry,email / newsletter,211,167,368,1,0,1
2026-04,Chevrolet Cranberry,google / cpc,8477,6343,13308,60,81,141
2026-04,Chevrolet Cranberry,google / organic,12984,9733,31433,58,93,151
2026-04,Chevrolet Cranberry,iHeartMedia / radio,1888,1390,3342,5,13,18
2026-04,Chevrolet Cranberry,tiktok / paid,664,502,516,0,1,1
2026-04,Honda Monroeville,autotrader / referral,579,425,1603,8,5,13
2026-04,Honda Monroeville,bing / cpc,698,551,1144,2,4,6
2026-04,Honda Monroeville,cars.com / referral,1477,1170,4432,12,8,20
2026-04,Honda Monroeville,direct / (none),3049,2264,2345,18,26,44
2026-04,Honda Monroeville,email / newsletter,174,139,281,1,0,1
2026-04,Honda Monroeville,google / cpc,6143,4539,8780,38,51,89
2026-04,Honda Monroeville,google / organic,9286,6540,23753,28,40,68
2026-04,Honda Monroeville,iHeartMedia / radio,1700,1214,2854,4,10,14
2026-04,Honda Monroeville,tiktok / paid,453,334,382,0,0,0
2026-04,Nissan Boardman,autotrader / referral,1117,823,2872,15,7,22
2026-04,Nissan Boardman,bing / cpc,1385,1008,2137,5,6,11
2026-04,Nissan Boardman,cars.com / referral,2550,1976,7244,13,8,21
2026-04,Nissan Boardman,direct / (none),5578,4339,4873,38,55,93
2026-04,Nissan Boardman,email / newsletter,268,191,473,2,0,2
2026-04,Nissan Boardman,google / cpc,11607,8860,20092,76,123,199
2026-04,Nissan Boardman,google / organic,16321,12658,44895,75,122,197
2026-04,Nissan Boardman,iHeartMedia / radio,2795,2114,4829,10,24,34
2026-04,Nissan Boardman,tiktok / paid,865,689,701,1,1,2
2026-05,Chevrolet Cranberry,autotrader / referral,841,611,2570,11,7,18
2026-05,Chevrolet Cranberry,bing / cpc,1067,805,1538,5,7,12
2026-05,Chevrolet Cranberry,cars.com / referral,1848,1311,5921,11,6,17
2026-05,Chevrolet Cranberry,direct / (none),4398,3282,3712,32,48,80
2026-05,Chevrolet Cranberry,email / newsletter,651,508,1006,6,1,7
2026-05,Chevrolet Cranberry,google / cpc,9455,7521,15369,78,99,177
2026-05,Chevrolet Cranberry,google / organic,11854,8681,25774,38,61,99
2026-05,Chevrolet Cranberry,iHeartMedia / radio,1702,1308,3100,6,17,23
2026-05,Chevrolet Cranberry,tiktok / paid,901,635,629,0,1,1
2026-05,Honda Monroeville,autotrader / referral,610,461,1804,8,5,13
2026-05,Honda Monroeville,bing / cpc,709,509,956,3,4,7
2026-05,Honda Monroeville,cars.com / referral,1509,1064,4596,8,5,13
2026-05,Honda Monroeville,direct / (none),3309,2367,2764,24,35,59
2026-05,Honda Monroeville,email / newsletter,504,383,771,4,1,5
2026-05,Honda Monroeville,google / cpc,6897,5203,11962,66,108,174
2026-05,Honda Monroeville,google / organic,9732,7121,23041,46,65,111
2026-05,Honda Monroeville,iHeartMedia / radio,1306,970,2364,5,13,18
2026-05,Honda Monroeville,tiktok / paid,600,444,409,0,0,0
2026-05,Nissan Boardman,autotrader / referral,1147,841,3250,17,8,25
2026-05,Nissan Boardman,bing / cpc,1333,1028,2084,6,8,14
2026-05,Nissan Boardman,cars.com / referral,2731,2173,8675,20,13,33
2026-05,Nissan Boardman,direct / (none),6233,4956,5865,45,73,118
2026-05,Nissan Boardman,email / newsletter,753,595,1298,9,2,11
2026-05,Nissan Boardman,google / cpc,12536,8806,24092,102,136,238
2026-05,Nissan Boardman,google / organic,15834,12285,41145,81,103,184
2026-05,Nissan Boardman,iHeartMedia / radio,2271,1736,4432,7,18,25
2026-05,Nissan Boardman,tiktok / paid,1083,834,788,1,2,3
2026-06,Chevrolet Cranberry,autotrader / referral,731,552,2481,9,5,14
2026-06,Chevrolet Cranberry,bing / cpc,956,756,1233,4,5,9
2026-06,Chevrolet Cranberry,cars.com / referral,1871,1422,6295,12,8,20
2026-06,Chevrolet Cranberry,direct / (none),4227,3080,3623,34,54,88
2026-06,Chevrolet Cranberry,email / newsletter,223,163,309,2,0,2
2026-06,Chevrolet Cranberry,google / cpc,9102,7063,16519,104,151,255
2026-06,Chevrolet Cranberry,google / organic,12673,9819,25973,58,96,154
2026-06,Chevrolet Cranberry,iHeartMedia / radio,1150,900,2426,3,7,10
2026-06,Chevrolet Cranberry,tiktok / paid,1090,779,796,1,1,2
2026-06,Honda Monroeville,autotrader / referral,589,424,1836,6,4,10
2026-06,Honda Monroeville,bing / cpc,766,555,838,4,5,9
2026-06,Honda Monroeville,cars.com / referral,1580,1139,5547,10,5,15
2026-06,Honda Monroeville,direct / (none),3220,2254,2697,24,43,67
2026-06,Honda Monroeville,email / newsletter,150,110,236,2,0,2
2026-06,Honda Monroeville,google / cpc,7276,5814,13462,75,121,196
2026-06,Honda Monroeville,google / organic,10135,8063,20555,40,61,101
2026-06,Honda Monroeville,iHeartMedia / radio,860,631,1926,3,7,10
2026-06,Honda Monroeville,tiktok / paid,843,599,534,0,1,1
2026-06,Nissan Boardman,autotrader / referral,1007,716,2887,13,7,20
2026-06,Nissan Boardman,bing / cpc,1251,930,1434,6,7,13
2026-06,Nissan Boardman,cars.com / referral,2731,2033,9223,19,10,29
2026-06,Nissan Boardman,direct / (none),5597,4205,5941,42,56,98
2026-06,Nissan Boardman,email / newsletter,281,224,465,2,0,2
2026-06,Nissan Boardman,google / cpc,12950,10074,24808,148,194,342
2026-06,Nissan Boardman,google / organic,17452,12794,39564,66,104,170
2026-06,Nissan Boardman,iHeartMedia / radio,1416,1013,3193,6,12,18
2026-06,Nissan Boardman,tiktok / paid,1482,1153,1022,1,2,3
2026-07,Chevrolet Cranberry,autotrader / referral,740,529,2282,8,4,12
2026-07,Chevrolet Cranberry,bing / cpc,1010,722,984,6,7,13
2026-07,Chevrolet Cranberry,cars.com / referral,1632,1266,4875,11,6,17
2026-07,Chevrolet Cranberry,direct / (none),4160,3225,3999,37,48,85
2026-07,Chevrolet Cranberry,email / newsletter,528,380,713,5,1,6
2026-07,Chevrolet Cranberry,google / cpc,7439,5282,14465,91,150,241
2026-07,Chevrolet Cranberry,google / organic,11817,9067,25392,59,83,142
2026-07,Chevrolet Cranberry,iHeartMedia / radio,598,455,1204,2,5,7
2026-07,Chevrolet Cranberry,tiktok / paid,1302,945,816,1,2,3
2026-07,Honda Monroeville,autotrader / referral,533,391,1648,6,4,10
2026-07,Honda Monroeville,bing / cpc,724,572,702,4,5,9
2026-07,Honda Monroeville,cars.com / referral,1509,1110,4956,9,5,14
2026-07,Honda Monroeville,direct / (none),3404,2562,3906,26,37,63
2026-07,Honda Monroeville,email / newsletter,459,348,610,6,2,8
2026-07,Honda Monroeville,google / cpc,5840,4162,12838,70,97,167
2026-07,Honda Monroeville,google / organic,10048,7251,20218,50,79,129
2026-07,Honda Monroeville,iHeartMedia / radio,472,367,1039,2,4,6
2026-07,Honda Monroeville,tiktok / paid,870,674,534,0,1,1
2026-07,Nissan Boardman,autotrader / referral,912,701,3191,10,6,16
2026-07,Nissan Boardman,bing / cpc,1204,933,1390,6,7,13
2026-07,Nissan Boardman,cars.com / referral,2221,1768,6768,14,8,22
2026-07,Nissan Boardman,direct / (none),5066,3721,5289,38,62,100
2026-07,Nissan Boardman,email / newsletter,815,607,1069,7,2,9
2026-07,Nissan Boardman,google / cpc,11411,8066,23795,137,212,349
2026-07,Nissan Boardman,google / organic,15622,11928,34057,78,109,187
2026-07,Nissan Boardman,iHeartMedia / radio,882,687,1961,4,8,12
2026-07,Nissan Boardman,tiktok / paid,1761,1242,1013,1,2,3
2026-08,Chevrolet Cranberry,autotrader / referral,766,587,2692,8,5,13
2026-08,Chevrolet Cranberry,bing / cpc,899,663,1048,4,7,11
2026-08,Chevrolet Cranberry,cars.com / referral,2033,1512,6175,16,9,25
2026-08,Chevrolet Cranberry,direct / (none),4487,3496,6104,41,58,99
2026-08,Chevrolet Cranberry,email / newsletter,213,165,233,3,1,4
2026-08,Chevrolet Cranberry,google / cpc,7562,5994,16099,92,116,208
2026-08,Chevrolet Cranberry,google / organic,11629,8379,21786,48,72,120
2026-08,Chevrolet Cranberry,iHeartMedia / radio,355,263,876,1,3,4
2026-08,Chevrolet Cranberry,tiktok / paid,1453,1082,809,1,2,3
2026-08,Honda Monroeville,autotrader / referral,561,423,2008,6,3,9
2026-08,Honda Monroeville,bing / cpc,757,601,829,5,6,11
2026-08,Honda Monroeville,cars.com / referral,1388,1026,4270,14,9,23
2026-08,Honda Monroeville,direct / (none),3666,2652,4462,30,43,73
2026-08,Honda Monroeville,email / newsletter,165,118,198,2,0,2
2026-08,Honda Monroeville,google / cpc,5652,4015,12815,76,114,190
2026-08,Honda Monroeville,google / organic,10069,7884,15558,47,60,107
2026-08,Honda Monroeville,iHeartMedia / radio,302,223,636,1,3,4
2026-08,Honda Monroeville,tiktok / paid,1164,927,631,1,2,3
2026-08,Nissan Boardman,autotrader / referral,947,685,3398,9,5,14
2026-08,Nissan Boardman,bing / cpc,1379,1048,1282,7,9,16
2026-08,Nissan Boardman,cars.com / referral,2691,2063,8183,22,15,37
2026-08,Nissan Boardman,direct / (none),6284,5013,7263,50,78,128
2026-08,Nissan Boardman,email / newsletter,264,187,340,3,1,4
2026-08,Nissan Boardman,google / cpc,8830,6276,17862,99,131,230
2026-08,Nissan Boardman,google / organic,16869,13360,26762,82,136,218
2026-08,Nissan Boardman,iHeartMedia / radio,505,358,1236,2,6,8
2026-08,Nissan Boardman,tiktok / paid,1795,1432,1043,3,4,7
