period,group,store,channel,spend
2023-10,Harbor Motor Group,Harbor BMW,Paid Search,1607
2023-10,Harbor Motor Group,Harbor BMW,Paid Social,530
2023-10,Harbor Motor Group,Harbor Chevrolet Marina,Paid Search,1567
2023-10,Harbor Motor Group,Harbor Chevrolet Marina,Paid Social,435
2023-10,Harbor Motor Group,Harbor Ford Portside,Paid Search,1719
2023-10,Harbor Motor Group,Harbor Ford Portside,Paid Social,677
2023-10,Harbor Motor Group,Harbor Honda Seaside,Paid Search,1313
2023-10,Harbor Motor Group,Harbor Honda Seaside,Paid Social,558
2023-10,Harbor Motor Group,Harbor Jeep Ram Anchor,Paid Search,1263
2023-10,Harbor Motor Group,Harbor Jeep Ram Anchor,Paid Social,450
2023-10,Harbor Motor Group,Harbor Kia Lighthouse,Paid Search,976
2023-10,Harbor Motor Group,Harbor Kia Lighthouse,Paid Social,414
2023-10,Harbor Motor Group,Harbor Subaru Tidewater,Paid Search,1024
2023-10,Harbor Motor Group,Harbor Subaru Tidewater,Paid Social,302
2023-10,Harbor Motor Group,Harbor Toyota Bayview,Paid Search,1572
2023-10,Harbor Motor Group,Harbor Toyota Bayview,Paid Social,580
2023-10,Summit Auto Group,Summit BMW,Paid Search,1844
2023-10,Summit Auto Group,Summit BMW,Paid Social,651
2023-10,Summit Auto Group,Summit Chevrolet Glenpark,Paid Search,1299
2023-10,Summit Auto Group,Summit Chevrolet Glenpark,Paid Social,518
2023-10,Summit Auto Group,Summit Ford Rivera,Paid Search,1458
2023-10,Summit Auto Group,Summit Ford Rivera,Paid Social,681
2023-10,Summit Auto Group,Summit Honda Westland,Paid Search,1946
2023-10,Summit Auto Group,Summit Honda Westland,Paid Social,502
2023-10,Summit Auto Group,Summit Hyundai Oakhurst,Paid Search,925
2023-10,Summit Auto Group,Summit Hyundai Oakhurst,Paid Social,452
2023-10,Summit Auto Group,Summit Jeep Ram Clearwater,Paid Search,1258
2023-10,Summit Auto Group,Summit Jeep Ram Clearwater,Paid Social,604
2023-10,Summit Auto Group,Summit Kia Brookfield,Paid Search,1121
2023-10,Summit Auto Group,Summit Kia Brookfield,Paid Social,452
2023-10,Summit Auto Group,Summit Mazda Lakeside,Paid Search,799
2023-10,Summit Auto Group,Summit Mazda Lakeside,Paid Social,369
2023-10,Summit Auto Group,Summit Nissan Ridgemont,Paid Search,1247
2023-10,Summit Auto Group,Summit Nissan Ridgemont,Paid Social,435
2023-10,Summit Auto Group,Summit Subaru Northgate,Paid Search,814
2023-10,Summit Auto Group,Summit Subaru Northgate,Paid Social,287
2023-10,Summit Auto Group,Summit Toyota of Fairview,Paid Search,2256
2023-10,Summit Auto Group,Summit Toyota of Fairview,Paid Social,697
2023-10,Summit Auto Group,Summit Volkswagen Eastdale,Paid Search,884
2023-10,Summit Auto Group,Summit Volkswagen Eastdale,Paid Social,264
2023-11,Harbor Motor Group,Harbor BMW,Paid Search,1453
2023-11,Harbor Motor Group,Harbor BMW,Paid Social,621
2023-11,Harbor Motor Group,Harbor Chevrolet Marina,Paid Search,1345
2023-11,Harbor Motor Group,Harbor Chevrolet Marina,Paid Social,452
2023-11,Harbor Motor Group,Harbor Ford Portside,Paid Search,1861
2023-11,Harbor Motor Group,Harbor Ford Portside,Paid Social,647
2023-11,Harbor Motor Group,Harbor Honda Seaside,Paid Search,1802
2023-11,Harbor Motor Group,Harbor Honda Seaside,Paid Social,561
2023-11,Harbor Motor Group,Harbor Jeep Ram Anchor,Paid Search,1265
2023-11,Harbor Motor Group,Harbor Jeep Ram Anchor,Paid Social,536
2023-11,Harbor Motor Group,Harbor Kia Lighthouse,Paid Search,1141
2023-11,Harbor Motor Group,Harbor Kia Lighthouse,Paid Social,358
2023-11,Harbor Motor Group,Harbor Subaru Tidewater,Paid Search,997
2023-11,Harbor Motor Group,Harbor Subaru Tidewater,Paid Social,303
2023-11,Harbor Motor Group,Harbor Toyota Bayview,Paid Search,1668
2023-11,Harbor Motor Group,Harbor Toyota Bayview,Paid Social,594
2023-11,Summit Auto Group,Summit BMW,Paid Search,1861
2023-11,Summit Auto Group,Summit BMW,Paid Social,586
2023-11,Summit Auto Group,Summit Chevrolet Glenpark,Paid Search,1636
2023-11,Summit Auto Group,Summit Chevrolet Glenpark,Paid Social,558
2023-11,Summit Auto Group,Summit Ford Rivera,Paid Search,1422
2023-11,Summit Auto Group,Summit Ford Rivera,Paid Social,711
2023-11,Summit Auto Group,Summit Honda Westland,Paid Search,1802
2023-11,Summit Auto Group,Summit Honda Westland,Paid Social,522
2023-11,Summit Auto Group,Summit Hyundai Oakhurst,Paid Search,1126
2023-11,Summit Auto Group,Summit Hyundai Oakhurst,Paid Social,420
2023-11,Summit Auto Group,Summit Jeep Ram Clearwater,Paid Search,1500
2023-11,Summit Auto Group,Summit Jeep Ram Clearwater,Paid Social,434
2023-11,Summit Auto Group,Summit Kia Brookfield,Paid Search,1207
2023-11,Summit Auto Group,Summit Kia Brookfield,Paid Social,465
2023-11,Summit Auto Group,Summit Mazda Lakeside,Paid Search,996
2023-11,Summit Auto Group,Summit Mazda Lakeside,Paid Social,318
2023-11,Summit Auto Group,Summit Nissan Ridgemont,Paid Search,1401
2023-11,Summit Auto Group,Summit Nissan Ridgemont,Paid Social,484
2023-11,Summit Auto Group,Summit Subaru Northgate,Paid Search,797
2023-11,Summit Auto Group,Summit Subaru Northgate,Paid Social,327
2023-11,Summit Auto Group,Summit Toyota of Fairview,Paid Search,1900
2023-11,Summit Auto Group,Summit Toyota of Fairview,Paid Social,641
2023-11,Summit Auto Group,Summit Volkswagen Eastdale,Paid Search,717
2023-11,Summit Auto Group,Summit Volkswagen Eastdale,Paid Social,282
2023-12,Harbor Motor Group,Harbor BMW,Paid Search,1751
2023-12,Harbor Motor Group,Harbor BMW,Paid Social,522
2023-12,Harbor Motor Group,Harbor Chevrolet Marina,Paid Search,1516
2023-12,Harbor Motor Group,Harbor Chevrolet Marina,Paid Social,600
2023-12,Harbor Motor Group,Harbor Ford Portside,Paid Search,1771
2023-12,Harbor Motor Group,Harbor Ford Portside,Paid Social,636
2023-12,Harbor Motor Group,Harbor Honda Seaside,Paid Search,1698
2023-12,Harbor Motor Group,Harbor Honda Seaside,Paid Social,642
2023-12,Harbor Motor Group,Harbor Jeep Ram Anchor,Paid Search,1350
2023-12,Harbor Motor Group,Harbor Jeep Ram Anchor,Paid Social,443
2023-12,Harbor Motor Group,Harbor Kia Lighthouse,Paid Search,1103
2023-12,Harbor Motor Group,Harbor Kia Lighthouse,Paid Social,330
2023-12,Harbor Motor Group,Harbor Subaru Tidewater,Paid Search,984
2023-12,Harbor Motor Group,Harbor Subaru Tidewater,Paid Social,372
2023-12,Harbor Motor Group,Harbor Toyota Bayview,Paid Search,2133
2023-12,Harbor Motor Group,Harbor Toyota Bayview,Paid Social,582
2023-12,Summit Auto Group,Summit BMW,Paid Search,1673
2023-12,Summit Auto Group,Summit BMW,Paid Social,526
2023-12,Summit Auto Group,Summit Chevrolet Glenpark,Paid Search,1212
2023-12,Summit Auto Group,Summit Chevrolet Glenpark,Paid Social,556
2023-12,Summit Auto Group,Summit Ford Rivera,Paid Search,1961
2023-12,Summit Auto Group,Summit Ford Rivera,Paid Social,672
2023-12,Summit Auto Group,Summit Honda Westland,Paid Search,1317
2023-12,Summit Auto Group,Summit Honda Westland,Paid Social,653
2023-12,Summit Auto Group,Summit Hyundai Oakhurst,Paid Search,1223
2023-12,Summit Auto Group,Summit Hyundai Oakhurst,Paid Social,467
2023-12,Summit Auto Group,Summit Jeep Ram Clearwater,Paid Search,1312
2023-12,Summit Auto Group,Summit Jeep Ram Clearwater,Paid Social,595
2023-12,Summit Auto Group,Summit Kia Brookfield,Paid Search,1135
2023-12,Summit Auto Group,Summit Kia Brookfield,Paid Social,405
2023-12,Summit Auto Group,Summit Mazda Lakeside,Paid Search,745
2023-12,Summit Auto Group,Summit Mazda Lakeside,Paid Social,266
2023-12,Summit Auto Group,Summit Nissan Ridgemont,Paid Search,1007
2023-12,Summit Auto Group,Summit Nissan Ridgemont,Paid Social,473
2023-12,Summit Auto Group,Summit Subaru Northgate,Paid Search,744
2023-12,Summit Auto Group,Summit Subaru Northgate,Paid Social,286
2023-12,Summit Auto Group,Summit Toyota of Fairview,Paid Search,2249
2023-12,Summit Auto Group,Summit Toyota of Fairview,Paid Social,796
2023-12,Summit Auto Group,Summit Volkswagen Eastdale,Paid Search,892
2023-12,Summit Auto Group,Summit Volkswagen Eastdale,Paid Social,290
2024-01,Harbor Motor Group,Harbor BMW,Paid Search,1711
2024-01,Harbor Motor Group,Harbor BMW,Paid Social,454
2024-01,Harbor Motor Group,Harbor Chevrolet Marina,Paid Search,1466
2024-01,Harbor Motor Group,Harbor Chevrolet Marina,Paid Social,408
2024-01,Harbor Motor Group,Harbor Ford Portside,Paid Search,1555
2024-01,Harbor Motor Group,Harbor Ford Portside,Paid Social,652
2024-01,Harbor Motor Group,Harbor Honda Seaside,Paid Search,1294
2024-01,Harbor Motor Group,Harbor Honda Seaside,Paid Social,679
2024-01,Harbor Motor Group,Harbor Jeep Ram Anchor,Paid Search,1317
2024-01,Harbor Motor Group,Harbor Jeep Ram Anchor,Paid Social,529
2024-01,Harbor Motor Group,Harbor Kia Lighthouse,Paid Search,849
2024-01,Harbor Motor Group,Harbor Kia Lighthouse,Paid Social,432
2024-01,Harbor Motor Group,Harbor Subaru Tidewater,Paid Search,795
2024-01,Harbor Motor Group,Harbor Subaru Tidewater,Paid Social,394
2024-01,Harbor Motor Group,Harbor Toyota Bayview,Paid Search,2029
2024-01,Harbor Motor Group,Harbor Toyota Bayview,Paid Social,675
2024-01,Summit Auto Group,Summit BMW,Paid Search,1758
2024-01,Summit Auto Group,Summit BMW,Paid Social,705
2024-01,Summit Auto Group,Summit Chevrolet Glenpark,Paid Search,1584
2024-01,Summit Auto Group,Summit Chevrolet Glenpark,Paid Social,653
2024-01,Summit Auto Group,Summit Ford Rivera,Paid Search,2056
2024-01,Summit Auto Group,Summit Ford Rivera,Paid Social,738
2024-01,Summit Auto Group,Summit Honda Westland,Paid Search,1357
2024-01,Summit Auto Group,Summit Honda Westland,Paid Social,496
2024-01,Summit Auto Group,Summit Hyundai Oakhurst,Paid Search,1178
2024-01,Summit Auto Group,Summit Hyundai Oakhurst,Paid Social,430
2024-01,Summit Auto Group,Summit Jeep Ram Clearwater,Paid Search,1388
2024-01,Summit Auto Group,Summit Jeep Ram Clearwater,Paid Social,434
2024-01,Summit Auto Group,Summit Kia Brookfield,Paid Search,934
2024-01,Summit Auto Group,Summit Kia Brookfield,Paid Social,400
2024-01,Summit Auto Group,Summit Mazda Lakeside,Paid Search,830
2024-01,Summit Auto Group,Summit Mazda Lakeside,Paid Social,256
2024-01,Summit Auto Group,Summit Nissan Ridgemont,Paid Search,1079
2024-01,Summit Auto Group,Summit Nissan Ridgemont,Paid Social,475
2024-01,Summit Auto Group,Summit Subaru Northgate,Paid Search,1011
2024-01,Summit Auto Group,Summit Subaru Northgate,Paid Social,329
2024-01,Summit Auto Group,Summit Toyota of Fairview,Paid Search,1779
2024-01,Summit Auto Group,Summit Toyota of Fairview,Paid Social,789
2024-01,Summit Auto Group,Summit Volkswagen Eastdale,Paid Search,747
2024-01,Summit Auto Group,Summit Volkswagen Eastdale,Paid Social,244
2024-02,Harbor Motor Group,Harbor BMW,Paid Search,1415
2024-02,Harbor Motor Group,Harbor BMW,Paid Social,517
2024-02,Harbor Motor Group,Harbor Chevrolet Marina,Paid Search,1191
2024-02,Harbor Motor Group,Harbor Chevrolet Marina,Paid Social,526
2024-02,Harbor Motor Group,Harbor Ford Portside,Paid Search,1612
2024-02,Harbor Motor Group,Harbor Ford Portside,Paid Social,574
2024-02,Harbor Motor Group,Harbor Honda Seaside,Paid Search,1385
2024-02,Harbor Motor Group,Harbor Honda Seaside,Paid Social,619
2024-02,Harbor Motor Group,Harbor Jeep Ram Anchor,Paid Search,1441
2024-02,Harbor Motor Group,Harbor Jeep Ram Anchor,Paid Social,427
2024-02,Harbor Motor Group,Harbor Kia Lighthouse,Paid Search,995
2024-02,Harbor Motor Group,Harbor Kia Lighthouse,Paid Social,350
2024-02,Harbor Motor Group,Harbor Subaru Tidewater,Paid Search,900
2024-02,Harbor Motor Group,Harbor Subaru Tidewater,Paid Social,320
2024-02,Harbor Motor Group,Harbor Toyota Bayview,Paid Search,1685
2024-02,Harbor Motor Group,Harbor Toyota Bayview,Paid Social,815
2024-02,Summit Auto Group,Summit BMW,Paid Search,1268
2024-02,Summit Auto Group,Summit BMW,Paid Social,611
2024-02,Summit Auto Group,Summit Chevrolet Glenpark,Paid Search,1331
2024-02,Summit Auto Group,Summit Chevrolet Glenpark,Paid Social,625
2024-02,Summit Auto Group,Summit Ford Rivera,Paid Search,1911
2024-02,Summit Auto Group,Summit Ford Rivera,Paid Social,676
2024-02,Summit Auto Group,Summit Honda Westland,Paid Search,1616
2024-02,Summit Auto Group,Summit Honda Westland,Paid Social,682
2024-02,Summit Auto Group,Summit Hyundai Oakhurst,Paid Search,1007
2024-02,Summit Auto Group,Summit Hyundai Oakhurst,Paid Social,433
2024-02,Summit Auto Group,Summit Jeep Ram Clearwater,Paid Search,1536
2024-02,Summit Auto Group,Summit Jeep Ram Clearwater,Paid Social,519
2024-02,Summit Auto Group,Summit Kia Brookfield,Paid Search,1134
2024-02,Summit Auto Group,Summit Kia Brookfield,Paid Social,400
2024-02,Summit Auto Group,Summit Mazda Lakeside,Paid Search,693
2024-02,Summit Auto Group,Summit Mazda Lakeside,Paid Social,334
2024-02,Summit Auto Group,Summit Nissan Ridgemont,Paid Search,1308
2024-02,Summit Auto Group,Summit Nissan Ridgemont,Paid Social,452
2024-02,Summit Auto Group,Summit Subaru Northgate,Paid Search,1090
2024-02,Summit Auto Group,Summit Subaru Northgate,Paid Social,306
2024-02,Summit Auto Group,Summit Toyota of Fairview,Paid Search,1953
2024-02,Summit Auto Group,Summit Toyota of Fairview,Paid Social,649
2024-02,Summit Auto Group,Summit Volkswagen Eastdale,Paid Search,864
2024-02,Summit Auto Group,Summit Volkswagen Eastdale,Paid Social,345
2024-03,Harbor Motor Group,Harbor BMW,Paid Search,1669
2024-03,Harbor Motor Group,Harbor BMW,Paid Social,637
2024-03,Harbor Motor Group,Harbor Chevrolet Marina,Paid Search,1377
2024-03,Harbor Motor Group,Harbor Chevrolet Marina,Paid Social,482
2024-03,Harbor Motor Group,Harbor Ford Portside,Paid Search,1366
2024-03,Harbor Motor Group,Harbor Ford Portside,Paid Social,662
2024-03,Harbor Motor Group,Harbor Honda Seaside,Paid Search,1575
2024-03,Harbor Motor Group,Harbor Honda Seaside,Paid Social,622
2024-03,Harbor Motor Group,Harbor Jeep Ram Anchor,Paid Search,1448
2024-03,Harbor Motor Group,Harbor Jeep Ram Anchor,Paid Social,483
2024-03,Harbor Motor Group,Harbor Kia Lighthouse,Paid Search,812
2024-03,Harbor Motor Group,Harbor Kia Lighthouse,Paid Social,324
2024-03,Harbor Motor Group,Harbor Subaru Tidewater,Paid Search,855
2024-03,Harbor Motor Group,Harbor Subaru Tidewater,Paid Social,337
2024-03,Harbor Motor Group,Harbor Toyota Bayview,Paid Search,1439
2024-03,Harbor Motor Group,Harbor Toyota Bayview,Paid Social,791
2024-03,Summit Auto Group,Summit BMW,Paid Search,1628
2024-03,Summit Auto Group,Summit BMW,Paid Social,632
2024-03,Summit Auto Group,Summit Chevrolet Glenpark,Paid Search,1206
2024-03,Summit Auto Group,Summit Chevrolet Glenpark,Paid Social,600
2024-03,Summit Auto Group,Summit Ford Rivera,Paid Search,1502
2024-03,Summit Auto Group,Summit Ford Rivera,Paid Social,550
2024-03,Summit Auto Group,Summit Honda Westland,Paid Search,1399
2024-03,Summit Auto Group,Summit Honda Westland,Paid Social,694
2024-03,Summit Auto Group,Summit Hyundai Oakhurst,Paid Search,885
2024-03,Summit Auto Group,Summit Hyundai Oakhurst,Paid Social,346
2024-03,Summit Auto Group,Summit Jeep Ram Clearwater,Paid Search,1485
2024-03,Summit Auto Group,Summit Jeep Ram Clearwater,Paid Social,463
2024-03,Summit Auto Group,Summit Kia Brookfield,Paid Search,1234
2024-03,Summit Auto Group,Summit Kia Brookfield,Paid Social,360
2024-03,Summit Auto Group,Summit Mazda Lakeside,Paid Search,987
2024-03,Summit Auto Group,Summit Mazda Lakeside,Paid Social,337
2024-03,Summit Auto Group,Summit Nissan Ridgemont,Paid Search,1329
2024-03,Summit Auto Group,Summit Nissan Ridgemont,Paid Social,397
2024-03,Summit Auto Group,Summit Subaru Northgate,Paid Search,950
2024-03,Summit Auto Group,Summit Subaru Northgate,Paid Social,360
2024-03,Summit Auto Group,Summit Toyota of Fairview,Paid Search,2042
2024-03,Summit Auto Group,Summit Toyota of Fairview,Paid Social,761
2024-03,Summit Auto Group,Summit Volkswagen Eastdale,Paid Search,880
2024-03,Summit Auto Group,Summit Volkswagen Eastdale,Paid Social,320
2024-04,Harbor Motor Group,Harbor BMW,Paid Search,1675
2024-04,Harbor Motor Group,Harbor BMW,Paid Social,544
2024-04,Harbor Motor Group,Harbor Chevrolet Marina,Paid Search,1123
2024-04,Harbor Motor Group,Harbor Chevrolet Marina,Paid Social,601
2024-04,Harbor Motor Group,Harbor Ford Portside,Paid Search,1875
2024-04,Harbor Motor Group,Harbor Ford Portside,Paid Social,751
2024-04,Harbor Motor Group,Harbor Honda Seaside,Paid Search,1785
2024-04,Harbor Motor Group,Harbor Honda Seaside,Paid Social,619
2024-04,Harbor Motor Group,Harbor Jeep Ram Anchor,Paid Search,1068
2024-04,Harbor Motor Group,Harbor Jeep Ram Anchor,Paid Social,512
2024-04,Harbor Motor Group,Harbor Kia Lighthouse,Paid Search,1033
2024-04,Harbor Motor Group,Harbor Kia Lighthouse,Paid Social,409
2024-04,Harbor Motor Group,Harbor Subaru Tidewater,Paid Search,977
2024-04,Harbor Motor Group,Harbor Subaru Tidewater,Paid Social,321
2024-04,Harbor Motor Group,Harbor Toyota Bayview,Paid Search,1759
2024-04,Harbor Motor Group,Harbor Toyota Bayview,Paid Social,604
2024-04,Summit Auto Group,Summit BMW,Paid Search,1752
2024-04,Summit Auto Group,Summit BMW,Paid Social,688
2024-04,Summit Auto Group,Summit Chevrolet Glenpark,Paid Search,1412
2024-04,Summit Auto Group,Summit Chevrolet Glenpark,Paid Social,602
2024-04,Summit Auto Group,Summit Ford Rivera,Paid Search,1716
2024-04,Summit Auto Group,Summit Ford Rivera,Paid Social,656
2024-04,Summit Auto Group,Summit Honda Westland,Paid Search,1444
2024-04,Summit Auto Group,Summit Honda Westland,Paid Social,717
2024-04,Summit Auto Group,Summit Hyundai Oakhurst,Paid Search,1309
2024-04,Summit Auto Group,Summit Hyundai Oakhurst,Paid Social,359
2024-04,Summit Auto Group,Summit Jeep Ram Clearwater,Paid Search,1577
2024-04,Summit Auto Group,Summit Jeep Ram Clearwater,Paid Social,459
2024-04,Summit Auto Group,Summit Kia Brookfield,Paid Search,908
2024-04,Summit Auto Group,Summit Kia Brookfield,Paid Social,352
2024-04,Summit Auto Group,Summit Mazda Lakeside,Paid Search,944
2024-04,Summit Auto Group,Summit Mazda Lakeside,Paid Social,358
2024-04,Summit Auto Group,Summit Nissan Ridgemont,Paid Search,1097
2024-04,Summit Auto Group,Summit Nissan Ridgemont,Paid Social,421
2024-04,Summit Auto Group,Summit Subaru Northgate,Paid Search,782
2024-04,Summit Auto Group,Summit Subaru Northgate,Paid Social,355
2024-04,Summit Auto Group,Summit Toyota of Fairview,Paid Search,2038
2024-04,Summit Auto Group,Summit Toyota of Fairview,Paid Social,576
2024-04,Summit Auto Group,Summit Volkswagen Eastdale,Paid Search,891
2024-04,Summit Auto Group,Summit Volkswagen Eastdale,Paid Social,303
2024-05,Harbor Motor Group,Harbor BMW,Paid Search,1694
2024-05,Harbor Motor Group,Harbor BMW,Paid Social,558
2024-05,Harbor Motor Group,Harbor Chevrolet Marina,Paid Search,1169
2024-05,Harbor Motor Group,Harbor Chevrolet Marina,Paid Social,580
2024-05,Harbor Motor Group,Harbor Ford Portside,Paid Search,1810
2024-05,Harbor Motor Group,Harbor Ford Portside,Paid Social,621
2024-05,Harbor Motor Group,Harbor Honda Seaside,Paid Search,1587
2024-05,Harbor Motor Group,Harbor Honda Seaside,Paid Social,628
2024-05,Harbor Motor Group,Harbor Jeep Ram Anchor,Paid Search,1393
2024-05,Harbor Motor Group,Harbor Jeep Ram Anchor,Paid Social,545
2024-05,Harbor Motor Group,Harbor Kia Lighthouse,Paid Search,917
2024-05,Harbor Motor Group,Harbor Kia Lighthouse,Paid Social,301
2024-05,Harbor Motor Group,Harbor Subaru Tidewater,Paid Search,737
2024-05,Harbor Motor Group,Harbor Subaru Tidewater,Paid Social,399
2024-05,Harbor Motor Group,Harbor Toyota Bayview,Paid Search,1602
2024-05,Harbor Motor Group,Harbor Toyota Bayview,Paid Social,749
2024-05,Summit Auto Group,Summit BMW,Paid Search,1844
2024-05,Summit Auto Group,Summit BMW,Paid Social,710
2024-05,Summit Auto Group,Summit Chevrolet Glenpark,Paid Search,1748
2024-05,Summit Auto Group,Summit Chevrolet Glenpark,Paid Social,672
2024-05,Summit Auto Group,Summit Ford Rivera,Paid Search,1394
2024-05,Summit Auto Group,Summit Ford Rivera,Paid Social,571
2024-05,Summit Auto Group,Summit Honda Westland,Paid Search,1346
2024-05,Summit Auto Group,Summit Honda Westland,Paid Social,515
2024-05,Summit Auto Group,Summit Hyundai Oakhurst,Paid Search,1254
2024-05,Summit Auto Group,Summit Hyundai Oakhurst,Paid Social,456
2024-05,Summit Auto Group,Summit Jeep Ram Clearwater,Paid Search,1355
2024-05,Summit Auto Group,Summit Jeep Ram Clearwater,Paid Social,443
2024-05,Summit Auto Group,Summit Kia Brookfield,Paid Search,1125
2024-05,Summit Auto Group,Summit Kia Brookfield,Paid Social,380
2024-05,Summit Auto Group,Summit Mazda Lakeside,Paid Search,982
2024-05,Summit Auto Group,Summit Mazda Lakeside,Paid Social,375
2024-05,Summit Auto Group,Summit Nissan Ridgemont,Paid Search,1394
2024-05,Summit Auto Group,Summit Nissan Ridgemont,Paid Social,518
2024-05,Summit Auto Group,Summit Subaru Northgate,Paid Search,1029
2024-05,Summit Auto Group,Summit Subaru Northgate,Paid Social,399
2024-05,Summit Auto Group,Summit Toyota of Fairview,Paid Search,1778
2024-05,Summit Auto Group,Summit Toyota of Fairview,Paid Social,631
2024-05,Summit Auto Group,Summit Volkswagen Eastdale,Paid Search,678
2024-05,Summit Auto Group,Summit Volkswagen Eastdale,Paid Social,320
2024-06,Harbor Motor Group,Harbor BMW,Paid Search,1637
2024-06,Harbor Motor Group,Harbor BMW,Paid Social,457
2024-06,Harbor Motor Group,Harbor Chevrolet Marina,Paid Search,1121
2024-06,Harbor Motor Group,Harbor Chevrolet Marina,Paid Social,599
2024-06,Harbor Motor Group,Harbor Ford Portside,Paid Search,1836
2024-06,Harbor Motor Group,Harbor Ford Portside,Paid Social,664
2024-06,Harbor Motor Group,Harbor Honda Seaside,Paid Search,1686
2024-06,Harbor Motor Group,Harbor Honda Seaside,Paid Social,583
2024-06,Harbor Motor Group,Harbor Jeep Ram Anchor,Paid Search,1452
2024-06,Harbor Motor Group,Harbor Jeep Ram Anchor,Paid Social,530
2024-06,Harbor Motor Group,Harbor Kia Lighthouse,Paid Search,919
2024-06,Harbor Motor Group,Harbor Kia Lighthouse,Paid Social,344
2024-06,Harbor Motor Group,Harbor Subaru Tidewater,Paid Search,806
2024-06,Harbor Motor Group,Harbor Subaru Tidewater,Paid Social,329
2024-06,Harbor Motor Group,Harbor Toyota Bayview,Paid Search,1595
2024-06,Harbor Motor Group,Harbor Toyota Bayview,Paid Social,550
2024-06,Summit Auto Group,Summit BMW,Paid Search,1528
2024-06,Summit Auto Group,Summit BMW,Paid Social,570
2024-06,Summit Auto Group,Summit Chevrolet Glenpark,Paid Search,1598
2024-06,Summit Auto Group,Summit Chevrolet Glenpark,Paid Social,546
2024-06,Summit Auto Group,Summit Ford Rivera,Paid Search,1392
2024-06,Summit Auto Group,Summit Ford Rivera,Paid Social,573
2024-06,Summit Auto Group,Summit Honda Westland,Paid Search,1738
2024-06,Summit Auto Group,Summit Honda Westland,Paid Social,665
2024-06,Summit Auto Group,Summit Hyundai Oakhurst,Paid Search,983
2024-06,Summit Auto Group,Summit Hyundai Oakhurst,Paid Social,395
2024-06,Summit Auto Group,Summit Jeep Ram Clearwater,Paid Search,1206
2024-06,Summit Auto Group,Summit Jeep Ram Clearwater,Paid Social,459
2024-06,Summit Auto Group,Summit Kia Brookfield,Paid Search,1145
2024-06,Summit Auto Group,Summit Kia Brookfield,Paid Social,398
2024-06,Summit Auto Group,Summit Mazda Lakeside,Paid Search,926
2024-06,Summit Auto Group,Summit Mazda Lakeside,Paid Social,294
2024-06,Summit Auto Group,Summit Nissan Ridgemont,Paid Search,1251
2024-06,Summit Auto Group,Summit Nissan Ridgemont,Paid Social,423
2024-06,Summit Auto Group,Summit Subaru Northgate,Paid Search,907
2024-06,Summit Auto Group,Summit Subaru Northgate,Paid Social,286
2024-06,Summit Auto Group,Summit Toyota of Fairview,Paid Search,1803
2024-06,Summit Auto Group,Summit Toyota of Fairview,Paid Social,596
2024-06,Summit Auto Group,Summit Volkswagen Eastdale,Paid Search,838
2024-06,Summit Auto Group,Summit Volkswagen Eastdale,Paid Social,271
2024-07,Harbor Motor Group,Harbor BMW,Paid Search,1560
2024-07,Harbor Motor Group,Harbor BMW,Paid Social,451
2024-07,Harbor Motor Group,Harbor Chevrolet Marina,Paid Search,1482
2024-07,Harbor Motor Group,Harbor Chevrolet Marina,Paid Social,483
2024-07,Harbor Motor Group,Harbor Ford Portside,Paid Search,1983
2024-07,Harbor Motor Group,Harbor Ford Portside,Paid Social,706
2024-07,Harbor Motor Group,Harbor Honda Seaside,Paid Search,1350
2024-07,Harbor Motor Group,Harbor Honda Seaside,Paid Social,557
2024-07,Harbor Motor Group,Harbor Jeep Ram Anchor,Paid Search,1395
2024-07,Harbor Motor Group,Harbor Jeep Ram Anchor,Paid Social,546
2024-07,Harbor Motor Group,Harbor Kia Lighthouse,Paid Search,1019
2024-07,Harbor Motor Group,Harbor Kia Lighthouse,Paid Social,346
2024-07,Harbor Motor Group,Harbor Subaru Tidewater,Paid Search,1030
2024-07,Harbor Motor Group,Harbor Subaru Tidewater,Paid Social,295
2024-07,Harbor Motor Group,Harbor Toyota Bayview,Paid Search,1995
2024-07,Harbor Motor Group,Harbor Toyota Bayview,Paid Social,751
2024-07,Summit Auto Group,Summit BMW,Paid Search,1833
2024-07,Summit Auto Group,Summit BMW,Paid Social,543
2024-07,Summit Auto Group,Summit Chevrolet Glenpark,Paid Search,1590
2024-07,Summit Auto Group,Summit Chevrolet Glenpark,Paid Social,481
2024-07,Summit Auto Group,Summit Ford Rivera,Paid Search,1468
2024-07,Summit Auto Group,Summit Ford Rivera,Paid Social,586
2024-07,Summit Auto Group,Summit Honda Westland,Paid Search,1557
2024-07,Summit Auto Group,Summit Honda Westland,Paid Social,614
2024-07,Summit Auto Group,Summit Hyundai Oakhurst,Paid Search,882
2024-07,Summit Auto Group,Summit Hyundai Oakhurst,Paid Social,451
2024-07,Summit Auto Group,Summit Jeep Ram Clearwater,Paid Search,1557
2024-07,Summit Auto Group,Summit Jeep Ram Clearwater,Paid Social,482
2024-07,Summit Auto Group,Summit Kia Brookfield,Paid Search,941
2024-07,Summit Auto Group,Summit Kia Brookfield,Paid Social,336
2024-07,Summit Auto Group,Summit Mazda Lakeside,Paid Search,867
2024-07,Summit Auto Group,Summit Mazda Lakeside,Paid Social,279
2024-07,Summit Auto Group,Summit Nissan Ridgemont,Paid Search,1053
2024-07,Summit Auto Group,Summit Nissan Ridgemont,Paid Social,393
2024-07,Summit Auto Group,Summit Subaru Northgate,Paid Search,852
2024-07,Summit Auto Group,Summit Subaru Northgate,Paid Social,350
2024-07,Summit Auto Group,Summit Toyota of Fairview,Paid Search,1782
2024-07,Summit Auto Group,Summit Toyota of Fairview,Paid Social,608
2024-07,Summit Auto Group,Summit Volkswagen Eastdale,Paid Search,853
2024-07,Summit Auto Group,Summit Volkswagen Eastdale,Paid Social,341
2024-08,Harbor Motor Group,Harbor BMW,Paid Search,1726
2024-08,Harbor Motor Group,Harbor BMW,Paid Social,597
2024-08,Harbor Motor Group,Harbor Chevrolet Marina,Paid Search,1580
2024-08,Harbor Motor Group,Harbor Chevrolet Marina,Paid Social,548
2024-08,Harbor Motor Group,Harbor Ford Portside,Paid Search,1638
2024-08,Harbor Motor Group,Harbor Ford Portside,Paid Social,581
2024-08,Harbor Motor Group,Harbor Honda Seaside,Paid Search,1589
2024-08,Harbor Motor Group,Harbor Honda Seaside,Paid Social,560
2024-08,Harbor Motor Group,Harbor Jeep Ram Anchor,Paid Search,1161
2024-08,Harbor Motor Group,Harbor Jeep Ram Anchor,Paid Social,473
2024-08,Harbor Motor Group,Harbor Kia Lighthouse,Paid Search,928
2024-08,Harbor Motor Group,Harbor Kia Lighthouse,Paid Social,406
2024-08,Harbor Motor Group,Harbor Subaru Tidewater,Paid Search,813
2024-08,Harbor Motor Group,Harbor Subaru Tidewater,Paid Social,319
2024-08,Harbor Motor Group,Harbor Toyota Bayview,Paid Search,1948
2024-08,Harbor Motor Group,Harbor Toyota Bayview,Paid Social,643
2024-08,Summit Auto Group,Summit BMW,Paid Search,1817
2024-08,Summit Auto Group,Summit BMW,Paid Social,602
2024-08,Summit Auto Group,Summit Chevrolet Glenpark,Paid Search,1670
2024-08,Summit Auto Group,Summit Chevrolet Glenpark,Paid Social,584
2024-08,Summit Auto Group,Summit Ford Rivera,Paid Search,2004
2024-08,Summit Auto Group,Summit Ford Rivera,Paid Social,707
2024-08,Summit Auto Group,Summit Honda Westland,Paid Search,1346
2024-08,Summit Auto Group,Summit Honda Westland,Paid Social,540
2024-08,Summit Auto Group,Summit Hyundai Oakhurst,Paid Search,1243
2024-08,Summit Auto Group,Summit Hyundai Oakhurst,Paid Social,418
2024-08,Summit Auto Group,Summit Jeep Ram Clearwater,Paid Search,1383
2024-08,Summit Auto Group,Summit Jeep Ram Clearwater,Paid Social,549
2024-08,Summit Auto Group,Summit Kia Brookfield,Paid Search,1225
2024-08,Summit Auto Group,Summit Kia Brookfield,Paid Social,446
2024-08,Summit Auto Group,Summit Mazda Lakeside,Paid Search,683
2024-08,Summit Auto Group,Summit Mazda Lakeside,Paid Social,305
2024-08,Summit Auto Group,Summit Nissan Ridgemont,Paid Search,1144
2024-08,Summit Auto Group,Summit Nissan Ridgemont,Paid Social,412
2024-08,Summit Auto Group,Summit Subaru Northgate,Paid Search,1091
2024-08,Summit Auto Group,Summit Subaru Northgate,Paid Social,345
2024-08,Summit Auto Group,Summit Toyota of Fairview,Paid Search,1971
2024-08,Summit Auto Group,Summit Toyota of Fairview,Paid Social,618
2024-08,Summit Auto Group,Summit Volkswagen Eastdale,Paid Search,741
2024-08,Summit Auto Group,Summit Volkswagen Eastdale,Paid Social,289
2024-09,Harbor Motor Group,Harbor BMW,Paid Search,1589
2024-09,Harbor Motor Group,Harbor BMW,Paid Social,573
2024-09,Harbor Motor Group,Harbor Chevrolet Marina,Paid Search,1080
2024-09,Harbor Motor Group,Harbor Chevrolet Marina,Paid Social,484
2024-09,Harbor Motor Group,Harbor Ford Portside,Paid Search,1721
2024-09,Harbor Motor Group,Harbor Ford Portside,Paid Social,743
2024-09,Harbor Motor Group,Harbor Honda Seaside,Paid Search,1648
2024-09,Harbor Motor Group,Harbor Honda Seaside,Paid Social,593
2024-09,Harbor Motor Group,Harbor Jeep Ram Anchor,Paid Search,1322
2024-09,Harbor Motor Group,Harbor Jeep Ram Anchor,Paid Social,414
2024-09,Harbor Motor Group,Harbor Kia Lighthouse,Paid Search,899
2024-09,Harbor Motor Group,Harbor Kia Lighthouse,Paid Social,416
2024-09,Harbor Motor Group,Harbor Subaru Tidewater,Paid Search,895
2024-09,Harbor Motor Group,Harbor Subaru Tidewater,Paid Social,361
2024-09,Harbor Motor Group,Harbor Toyota Bayview,Paid Search,2137
2024-09,Harbor Motor Group,Harbor Toyota Bayview,Paid Social,632
2024-09,Summit Auto Group,Summit BMW,Paid Search,1844
2024-09,Summit Auto Group,Summit BMW,Paid Social,566
2024-09,Summit Auto Group,Summit Chevrolet Glenpark,Paid Search,1453
2024-09,Summit Auto Group,Summit Chevrolet Glenpark,Paid Social,649
2024-09,Summit Auto Group,Summit Ford Rivera,Paid Search,2055
2024-09,Summit Auto Group,Summit Ford Rivera,Paid Social,660
2024-09,Summit Auto Group,Summit Honda Westland,Paid Search,1557
2024-09,Summit Auto Group,Summit Honda Westland,Paid Social,526
2024-09,Summit Auto Group,Summit Hyundai Oakhurst,Paid Search,1196
2024-09,Summit Auto Group,Summit Hyundai Oakhurst,Paid Social,335
2024-09,Summit Auto Group,Summit Jeep Ram Clearwater,Paid Search,1557
2024-09,Summit Auto Group,Summit Jeep Ram Clearwater,Paid Social,496
2024-09,Summit Auto Group,Summit Kia Brookfield,Paid Search,866
2024-09,Summit Auto Group,Summit Kia Brookfield,Paid Social,420
2024-09,Summit Auto Group,Summit Mazda Lakeside,Paid Search,766
2024-09,Summit Auto Group,Summit Mazda Lakeside,Paid Social,297
2024-09,Summit Auto Group,Summit Nissan Ridgemont,Paid Search,1198
2024-09,Summit Auto Group,Summit Nissan Ridgemont,Paid Social,425
2024-09,Summit Auto Group,Summit Subaru Northgate,Paid Search,771
2024-09,Summit Auto Group,Summit Subaru Northgate,Paid Social,321
2024-09,Summit Auto Group,Summit Toyota of Fairview,Paid Search,1580
2024-09,Summit Auto Group,Summit Toyota of Fairview,Paid Social,704
2024-09,Summit Auto Group,Summit Volkswagen Eastdale,Paid Search,721
2024-09,Summit Auto Group,Summit Volkswagen Eastdale,Paid Social,292
2024-10,Harbor Motor Group,Harbor BMW,Paid Search,1579
2024-10,Harbor Motor Group,Harbor BMW,Paid Social,546
2024-10,Harbor Motor Group,Harbor Chevrolet Marina,Paid Search,1108
2024-10,Harbor Motor Group,Harbor Chevrolet Marina,Paid Social,595
2024-10,Harbor Motor Group,Harbor Ford Portside,Paid Search,1379
2024-10,Harbor Motor Group,Harbor Ford Portside,Paid Social,539
2024-10,Harbor Motor Group,Harbor Honda Seaside,Paid Search,1558
2024-10,Harbor Motor Group,Harbor Honda Seaside,Paid Social,658
2024-10,Harbor Motor Group,Harbor Jeep Ram Anchor,Paid Search,1346
2024-10,Harbor Motor Group,Harbor Jeep Ram Anchor,Paid Social,410
2024-10,Harbor Motor Group,Harbor Kia Lighthouse,Paid Search,1029
2024-10,Harbor Motor Group,Harbor Kia Lighthouse,Paid Social,346
2024-10,Harbor Motor Group,Harbor Subaru Tidewater,Paid Search,731
2024-10,Harbor Motor Group,Harbor Subaru Tidewater,Paid Social,377
2024-10,Harbor Motor Group,Harbor Toyota Bayview,Paid Search,1682
2024-10,Harbor Motor Group,Harbor Toyota Bayview,Paid Social,778
2024-10,Summit Auto Group,Summit BMW,Paid Search,1345
2024-10,Summit Auto Group,Summit BMW,Paid Social,508
2024-10,Summit Auto Group,Summit Chevrolet Glenpark,Paid Search,1742
2024-10,Summit Auto Group,Summit Chevrolet Glenpark,Paid Social,610
2024-10,Summit Auto Group,Summit Ford Rivera,Paid Search,1907
2024-10,Summit Auto Group,Summit Ford Rivera,Paid Social,721
2024-10,Summit Auto Group,Summit Honda Westland,Paid Search,1381
2024-10,Summit Auto Group,Summit Honda Westland,Paid Social,545
2024-10,Summit Auto Group,Summit Hyundai Oakhurst,Paid Search,1237
2024-10,Summit Auto Group,Summit Hyundai Oakhurst,Paid Social,388
2024-10,Summit Auto Group,Summit Jeep Ram Clearwater,Paid Search,1107
2024-10,Summit Auto Group,Summit Jeep Ram Clearwater,Paid Social,424
2024-10,Summit Auto Group,Summit Kia Brookfield,Paid Search,1051
2024-10,Summit Auto Group,Summit Kia Brookfield,Paid Social,450
2024-10,Summit Auto Group,Summit Mazda Lakeside,Paid Search,960
2024-10,Summit Auto Group,Summit Mazda Lakeside,Paid Social,291
2024-10,Summit Auto Group,Summit Nissan Ridgemont,Paid Search,1105
2024-10,Summit Auto Group,Summit Nissan Ridgemont,Paid Social,519
2024-10,Summit Auto Group,Summit Subaru Northgate,Paid Search,804
2024-10,Summit Auto Group,Summit Subaru Northgate,Paid Social,387
2024-10,Summit Auto Group,Summit Toyota of Fairview,Paid Search,1918
2024-10,Summit Auto Group,Summit Toyota of Fairview,Paid Social,687
2024-10,Summit Auto Group,Summit Volkswagen Eastdale,Paid Search,821
2024-10,Summit Auto Group,Summit Volkswagen Eastdale,Paid Social,323
2024-11,Harbor Motor Group,Harbor BMW,Paid Search,1497
2024-11,Harbor Motor Group,Harbor BMW,Paid Social,575
2024-11,Harbor Motor Group,Harbor Chevrolet Marina,Paid Search,1539
2024-11,Harbor Motor Group,Harbor Chevrolet Marina,Paid Social,479
2024-11,Harbor Motor Group,Harbor Ford Portside,Paid Search,1442
2024-11,Harbor Motor Group,Harbor Ford Portside,Paid Social,622
2024-11,Harbor Motor Group,Harbor Honda Seaside,Paid Search,1639
2024-11,Harbor Motor Group,Harbor Honda Seaside,Paid Social,482
2024-11,Harbor Motor Group,Harbor Jeep Ram Anchor,Paid Search,1408
2024-11,Harbor Motor Group,Harbor Jeep Ram Anchor,Paid Social,495
2024-11,Harbor Motor Group,Harbor Kia Lighthouse,Paid Search,829
2024-11,Harbor Motor Group,Harbor Kia Lighthouse,Paid Social,312
2024-11,Harbor Motor Group,Harbor Subaru Tidewater,Paid Search,898
2024-11,Harbor Motor Group,Harbor Subaru Tidewater,Paid Social,323
2024-11,Harbor Motor Group,Harbor Toyota Bayview,Paid Search,1918
2024-11,Harbor Motor Group,Harbor Toyota Bayview,Paid Social,760
2024-11,Summit Auto Group,Summit BMW,Paid Search,1487
2024-11,Summit Auto Group,Summit BMW,Paid Social,690
2024-11,Summit Auto Group,Summit Chevrolet Glenpark,Paid Search,1672
2024-11,Summit Auto Group,Summit Chevrolet Glenpark,Paid Social,662
2024-11,Summit Auto Group,Summit Ford Rivera,Paid Search,2062
2024-11,Summit Auto Group,Summit Ford Rivera,Paid Social,770
2024-11,Summit Auto Group,Summit Honda Westland,Paid Search,1699
2024-11,Summit Auto Group,Summit Honda Westland,Paid Social,498
2024-11,Summit Auto Group,Summit Hyundai Oakhurst,Paid Search,1261
2024-11,Summit Auto Group,Summit Hyundai Oakhurst,Paid Social,408
2024-11,Summit Auto Group,Summit Jeep Ram Clearwater,Paid Search,1519
2024-11,Summit Auto Group,Summit Jeep Ram Clearwater,Paid Social,479
2024-11,Summit Auto Group,Summit Kia Brookfield,Paid Search,1137
2024-11,Summit Auto Group,Summit Kia Brookfield,Paid Social,325
2024-11,Summit Auto Group,Summit Mazda Lakeside,Paid Search,806
2024-11,Summit Auto Group,Summit Mazda Lakeside,Paid Social,313
2024-11,Summit Auto Group,Summit Nissan Ridgemont,Paid Search,1233
2024-11,Summit Auto Group,Summit Nissan Ridgemont,Paid Social,532
2024-11,Summit Auto Group,Summit Subaru Northgate,Paid Search,899
2024-11,Summit Auto Group,Summit Subaru Northgate,Paid Social,421
2024-11,Summit Auto Group,Summit Toyota of Fairview,Paid Search,2178
2024-11,Summit Auto Group,Summit Toyota of Fairview,Paid Social,853
2024-11,Summit Auto Group,Summit Volkswagen Eastdale,Paid Search,850
2024-11,Summit Auto Group,Summit Volkswagen Eastdale,Paid Social,326
2024-12,Harbor Motor Group,Harbor BMW,Paid Search,1704
2024-12,Harbor Motor Group,Harbor BMW,Paid Social,511
2024-12,Harbor Motor Group,Harbor Chevrolet Marina,Paid Search,1153
2024-12,Harbor Motor Group,Harbor Chevrolet Marina,Paid Social,482
2024-12,Harbor Motor Group,Harbor Ford Portside,Paid Search,1333
2024-12,Harbor Motor Group,Harbor Ford Portside,Paid Social,568
2024-12,Harbor Motor Group,Harbor Honda Seaside,Paid Search,1641
2024-12,Harbor Motor Group,Harbor Honda Seaside,Paid Social,663
2024-12,Harbor Motor Group,Harbor Jeep Ram Anchor,Paid Search,1361
2024-12,Harbor Motor Group,Harbor Jeep Ram Anchor,Paid Social,408
2024-12,Harbor Motor Group,Harbor Kia Lighthouse,Paid Search,1129
2024-12,Harbor Motor Group,Harbor Kia Lighthouse,Paid Social,422
2024-12,Harbor Motor Group,Harbor Subaru Tidewater,Paid Search,864
2024-12,Harbor Motor Group,Harbor Subaru Tidewater,Paid Social,275
2024-12,Harbor Motor Group,Harbor Toyota Bayview,Paid Search,2040
2024-12,Harbor Motor Group,Harbor Toyota Bayview,Paid Social,713
2024-12,Summit Auto Group,Summit BMW,Paid Search,1463
2024-12,Summit Auto Group,Summit BMW,Paid Social,649
2024-12,Summit Auto Group,Summit Chevrolet Glenpark,Paid Search,1235
2024-12,Summit Auto Group,Summit Chevrolet Glenpark,Paid Social,523
2024-12,Summit Auto Group,Summit Ford Rivera,Paid Search,1725
2024-12,Summit Auto Group,Summit Ford Rivera,Paid Social,792
2024-12,Summit Auto Group,Summit Honda Westland,Paid Search,1916
2024-12,Summit Auto Group,Summit Honda Westland,Paid Social,604
2024-12,Summit Auto Group,Summit Hyundai Oakhurst,Paid Search,1314
2024-12,Summit Auto Group,Summit Hyundai Oakhurst,Paid Social,492
2024-12,Summit Auto Group,Summit Jeep Ram Clearwater,Paid Search,1322
2024-12,Summit Auto Group,Summit Jeep Ram Clearwater,Paid Social,500
2024-12,Summit Auto Group,Summit Kia Brookfield,Paid Search,1103
2024-12,Summit Auto Group,Summit Kia Brookfield,Paid Social,321
2024-12,Summit Auto Group,Summit Mazda Lakeside,Paid Search,716
2024-12,Summit Auto Group,Summit Mazda Lakeside,Paid Social,360
2024-12,Summit Auto Group,Summit Nissan Ridgemont,Paid Search,1239
2024-12,Summit Auto Group,Summit Nissan Ridgemont,Paid Social,507
2024-12,Summit Auto Group,Summit Subaru Northgate,Paid Search,771
2024-12,Summit Auto Group,Summit Subaru Northgate,Paid Social,314
2024-12,Summit Auto Group,Summit Toyota of Fairview,Paid Search,2165
2024-12,Summit Auto Group,Summit Toyota of Fairview,Paid Social,755
2024-12,Summit Auto Group,Summit Volkswagen Eastdale,Paid Search,631
2024-12,Summit Auto Group,Summit Volkswagen Eastdale,Paid Social,314
2025-01,Harbor Motor Group,Harbor BMW,Paid Search,1190
2025-01,Harbor Motor Group,Harbor BMW,Paid Social,597
2025-01,Harbor Motor Group,Harbor Chevrolet Marina,Paid Search,1567
2025-01,Harbor Motor Group,Harbor Chevrolet Marina,Paid Social,596
2025-01,Harbor Motor Group,Harbor Ford Portside,Paid Search,1460
2025-01,Harbor Motor Group,Harbor Ford Portside,Paid Social,629
2025-01,Harbor Motor Group,Harbor Honda Seaside,Paid Search,1669
2025-01,Harbor Motor Group,Harbor Honda Seaside,Paid Social,617
2025-01,Harbor Motor Group,Harbor Jeep Ram Anchor,Paid Search,1163
2025-01,Harbor Motor Group,Harbor Jeep Ram Anchor,Paid Social,387
2025-01,Harbor Motor Group,Harbor Kia Lighthouse,Paid Search,828
2025-01,Harbor Motor Group,Harbor Kia Lighthouse,Paid Social,395
2025-01,Harbor Motor Group,Harbor Subaru Tidewater,Paid Search,725
2025-01,Harbor Motor Group,Harbor Subaru Tidewater,Paid Social,340
2025-01,Harbor Motor Group,Harbor Toyota Bayview,Paid Search,1825
2025-01,Harbor Motor Group,Harbor Toyota Bayview,Paid Social,693
2025-01,Summit Auto Group,Summit BMW,Paid Search,1800
2025-01,Summit Auto Group,Summit BMW,Paid Social,680
2025-01,Summit Auto Group,Summit Chevrolet Glenpark,Paid Search,1324
2025-01,Summit Auto Group,Summit Chevrolet Glenpark,Paid Social,631
2025-01,Summit Auto Group,Summit Ford Rivera,Paid Search,1458
2025-01,Summit Auto Group,Summit Ford Rivera,Paid Social,746
2025-01,Summit Auto Group,Summit Honda Westland,Paid Search,1528
2025-01,Summit Auto Group,Summit Honda Westland,Paid Social,571
2025-01,Summit Auto Group,Summit Hyundai Oakhurst,Paid Search,1227
2025-01,Summit Auto Group,Summit Hyundai Oakhurst,Paid Social,466
2025-01,Summit Auto Group,Summit Jeep Ram Clearwater,Paid Search,1331
2025-01,Summit Auto Group,Summit Jeep Ram Clearwater,Paid Social,606
2025-01,Summit Auto Group,Summit Kia Brookfield,Paid Search,1132
2025-01,Summit Auto Group,Summit Kia Brookfield,Paid Social,386
2025-01,Summit Auto Group,Summit Mazda Lakeside,Paid Search,708
2025-01,Summit Auto Group,Summit Mazda Lakeside,Paid Social,264
2025-01,Summit Auto Group,Summit Nissan Ridgemont,Paid Search,1371
2025-01,Summit Auto Group,Summit Nissan Ridgemont,Paid Social,470
2025-01,Summit Auto Group,Summit Subaru Northgate,Paid Search,949
2025-01,Summit Auto Group,Summit Subaru Northgate,Paid Social,312
2025-01,Summit Auto Group,Summit Toyota of Fairview,Paid Search,1941
2025-01,Summit Auto Group,Summit Toyota of Fairview,Paid Social,665
2025-01,Summit Auto Group,Summit Volkswagen Eastdale,Paid Search,756
2025-01,Summit Auto Group,Summit Volkswagen Eastdale,Paid Social,332
2025-02,Harbor Motor Group,Harbor BMW,Paid Search,1289
2025-02,Harbor Motor Group,Harbor BMW,Paid Social,630
2025-02,Harbor Motor Group,Harbor Chevrolet Marina,Paid Search,1575
2025-02,Harbor Motor Group,Harbor Chevrolet Marina,Paid Social,577
2025-02,Harbor Motor Group,Harbor Ford Portside,Paid Search,1784
2025-02,Harbor Motor Group,Harbor Ford Portside,Paid Social,543
2025-02,Harbor Motor Group,Harbor Honda Seaside,Paid Search,1316
2025-02,Harbor Motor Group,Harbor Honda Seaside,Paid Social,659
2025-02,Harbor Motor Group,Harbor Jeep Ram Anchor,Paid Search,1446
2025-02,Harbor Motor Group,Harbor Jeep Ram Anchor,Paid Social,516
2025-02,Harbor Motor Group,Harbor Kia Lighthouse,Paid Search,1145
2025-02,Harbor Motor Group,Harbor Kia Lighthouse,Paid Social,418
2025-02,Harbor Motor Group,Harbor Subaru Tidewater,Paid Search,1041
2025-02,Harbor Motor Group,Harbor Subaru Tidewater,Paid Social,287
2025-02,Harbor Motor Group,Harbor Toyota Bayview,Paid Search,1987
2025-02,Harbor Motor Group,Harbor Toyota Bayview,Paid Social,570
2025-02,Summit Auto Group,Summit BMW,Paid Search,1700
2025-02,Summit Auto Group,Summit BMW,Paid Social,680
2025-02,Summit Auto Group,Summit Chevrolet Glenpark,Paid Search,1625
2025-02,Summit Auto Group,Summit Chevrolet Glenpark,Paid Social,650
2025-02,Summit Auto Group,Summit Ford Rivera,Paid Search,1994
2025-02,Summit Auto Group,Summit Ford Rivera,Paid Social,732
2025-02,Summit Auto Group,Summit Honda Westland,Paid Search,1735
2025-02,Summit Auto Group,Summit Honda Westland,Paid Social,529
2025-02,Summit Auto Group,Summit Hyundai Oakhurst,Paid Search,1080
2025-02,Summit Auto Group,Summit Hyundai Oakhurst,Paid Social,402
2025-02,Summit Auto Group,Summit Jeep Ram Clearwater,Paid Search,1219
2025-02,Summit Auto Group,Summit Jeep Ram Clearwater,Paid Social,463
2025-02,Summit Auto Group,Summit Kia Brookfield,Paid Search,990
2025-02,Summit Auto Group,Summit Kia Brookfield,Paid Social,427
2025-02,Summit Auto Group,Summit Mazda Lakeside,Paid Search,937
2025-02,Summit Auto Group,Summit Mazda Lakeside,Paid Social,332
2025-02,Summit Auto Group,Summit Nissan Ridgemont,Paid Search,1082
2025-02,Summit Auto Group,Summit Nissan Ridgemont,Paid Social,508
2025-02,Summit Auto Group,Summit Subaru Northgate,Paid Search,780
2025-02,Summit Auto Group,Summit Subaru Northgate,Paid Social,417
2025-02,Summit Auto Group,Summit Toyota of Fairview,Paid Search,2101
2025-02,Summit Auto Group,Summit Toyota of Fairview,Paid Social,610
2025-02,Summit Auto Group,Summit Volkswagen Eastdale,Paid Search,712
2025-02,Summit Auto Group,Summit Volkswagen Eastdale,Paid Social,311
2025-03,Harbor Motor Group,Harbor BMW,Paid Search,1760
2025-03,Harbor Motor Group,Harbor BMW,Paid Social,538
2025-03,Harbor Motor Group,Harbor Chevrolet Marina,Paid Search,1146
2025-03,Harbor Motor Group,Harbor Chevrolet Marina,Paid Social,504
2025-03,Harbor Motor Group,Harbor Ford Portside,Paid Search,1369
2025-03,Harbor Motor Group,Harbor Ford Portside,Paid Social,667
2025-03,Harbor Motor Group,Harbor Honda Seaside,Paid Search,1624
2025-03,Harbor Motor Group,Harbor Honda Seaside,Paid Social,606
2025-03,Harbor Motor Group,Harbor Jeep Ram Anchor,Paid Search,1492
2025-03,Harbor Motor Group,Harbor Jeep Ram Anchor,Paid Social,560
2025-03,Harbor Motor Group,Harbor Kia Lighthouse,Paid Search,1005
2025-03,Harbor Motor Group,Harbor Kia Lighthouse,Paid Social,439
2025-03,Harbor Motor Group,Harbor Subaru Tidewater,Paid Search,725
2025-03,Harbor Motor Group,Harbor Subaru Tidewater,Paid Social,347
2025-03,Harbor Motor Group,Harbor Toyota Bayview,Paid Search,1532
2025-03,Harbor Motor Group,Harbor Toyota Bayview,Paid Social,658
2025-03,Summit Auto Group,Summit BMW,Paid Search,1741
2025-03,Summit Auto Group,Summit BMW,Paid Social,626
2025-03,Summit Auto Group,Summit Chevrolet Glenpark,Paid Search,1324
2025-03,Summit Auto Group,Summit Chevrolet Glenpark,Paid Social,564
2025-03,Summit Auto Group,Summit Ford Rivera,Paid Search,1653
2025-03,Summit Auto Group,Summit Ford Rivera,Paid Social,658
2025-03,Summit Auto Group,Summit Honda Westland,Paid Search,1934
2025-03,Summit Auto Group,Summit Honda Westland,Paid Social,699
2025-03,Summit Auto Group,Summit Hyundai Oakhurst,Paid Search,951
2025-03,Summit Auto Group,Summit Hyundai Oakhurst,Paid Social,500
2025-03,Summit Auto Group,Summit Jeep Ram Clearwater,Paid Search,1529
2025-03,Summit Auto Group,Summit Jeep Ram Clearwater,Paid Social,439
2025-03,Summit Auto Group,Summit Kia Brookfield,Paid Search,915
2025-03,Summit Auto Group,Summit Kia Brookfield,Paid Social,348
2025-03,Summit Auto Group,Summit Mazda Lakeside,Paid Search,906
2025-03,Summit Auto Group,Summit Mazda Lakeside,Paid Social,340
2025-03,Summit Auto Group,Summit Nissan Ridgemont,Paid Search,1410
2025-03,Summit Auto Group,Summit Nissan Ridgemont,Paid Social,461
2025-03,Summit Auto Group,Summit Subaru Northgate,Paid Search,1020
2025-03,Summit Auto Group,Summit Subaru Northgate,Paid Social,329
2025-03,Summit Auto Group,Summit Toyota of Fairview,Paid Search,1590
2025-03,Summit Auto Group,Summit Toyota of Fairview,Paid Social,856
2025-03,Summit Auto Group,Summit Volkswagen Eastdale,Paid Search,793
2025-03,Summit Auto Group,Summit Volkswagen Eastdale,Paid Social,334
2025-04,Harbor Motor Group,Harbor BMW,Paid Search,1248
2025-04,Harbor Motor Group,Harbor BMW,Paid Social,464
2025-04,Harbor Motor Group,Harbor Chevrolet Marina,Paid Search,1501
2025-04,Harbor Motor Group,Harbor Chevrolet Marina,Paid Social,570
2025-04,Harbor Motor Group,Harbor Ford Portside,Paid Search,1906
2025-04,Harbor Motor Group,Harbor Ford Portside,Paid Social,597
2025-04,Harbor Motor Group,Harbor Honda Seaside,Paid Search,1667
2025-04,Harbor Motor Group,Harbor Honda Seaside,Paid Social,657
2025-04,Harbor Motor Group,Harbor Jeep Ram Anchor,Paid Search,1405
2025-04,Harbor Motor Group,Harbor Jeep Ram Anchor,Paid Social,502
2025-04,Harbor Motor Group,Harbor Kia Lighthouse,Paid Search,961
2025-04,Harbor Motor Group,Harbor Kia Lighthouse,Paid Social,345
2025-04,Harbor Motor Group,Harbor Subaru Tidewater,Paid Search,973
2025-04,Harbor Motor Group,Harbor Subaru Tidewater,Paid Social,393
2025-04,Harbor Motor Group,Harbor Toyota Bayview,Paid Search,1689
2025-04,Harbor Motor Group,Harbor Toyota Bayview,Paid Social,818
2025-04,Summit Auto Group,Summit BMW,Paid Search,1279
2025-04,Summit Auto Group,Summit BMW,Paid Social,615
2025-04,Summit Auto Group,Summit Chevrolet Glenpark,Paid Search,1632
2025-04,Summit Auto Group,Summit Chevrolet Glenpark,Paid Social,594
2025-04,Summit Auto Group,Summit Ford Rivera,Paid Search,1554
2025-04,Summit Auto Group,Summit Ford Rivera,Paid Social,575
2025-04,Summit Auto Group,Summit Honda Westland,Paid Search,1438
2025-04,Summit Auto Group,Summit Honda Westland,Paid Social,606
2025-04,Summit Auto Group,Summit Hyundai Oakhurst,Paid Search,1109
2025-04,Summit Auto Group,Summit Hyundai Oakhurst,Paid Social,355
2025-04,Summit Auto Group,Summit Jeep Ram Clearwater,Paid Search,1296
2025-04,Summit Auto Group,Summit Jeep Ram Clearwater,Paid Social,514
2025-04,Summit Auto Group,Summit Kia Brookfield,Paid Search,995
2025-04,Summit Auto Group,Summit Kia Brookfield,Paid Social,394
2025-04,Summit Auto Group,Summit Mazda Lakeside,Paid Search,902
2025-04,Summit Auto Group,Summit Mazda Lakeside,Paid Social,314
2025-04,Summit Auto Group,Summit Nissan Ridgemont,Paid Search,1194
2025-04,Summit Auto Group,Summit Nissan Ridgemont,Paid Social,472
2025-04,Summit Auto Group,Summit Subaru Northgate,Paid Search,1027
2025-04,Summit Auto Group,Summit Subaru Northgate,Paid Social,318
2025-04,Summit Auto Group,Summit Toyota of Fairview,Paid Search,2061
2025-04,Summit Auto Group,Summit Toyota of Fairview,Paid Social,773
2025-04,Summit Auto Group,Summit Volkswagen Eastdale,Paid Search,648
2025-04,Summit Auto Group,Summit Volkswagen Eastdale,Paid Social,315
2025-05,Harbor Motor Group,Harbor BMW,Paid Search,1448
2025-05,Harbor Motor Group,Harbor BMW,Paid Social,671
2025-05,Harbor Motor Group,Harbor Chevrolet Marina,Paid Search,1242
2025-05,Harbor Motor Group,Harbor Chevrolet Marina,Paid Social,404
2025-05,Harbor Motor Group,Harbor Ford Portside,Paid Search,1467
2025-05,Harbor Motor Group,Harbor Ford Portside,Paid Social,585
2025-05,Harbor Motor Group,Harbor Honda Seaside,Paid Search,1623
2025-05,Harbor Motor Group,Harbor Honda Seaside,Paid Social,610
2025-05,Harbor Motor Group,Harbor Jeep Ram Anchor,Paid Search,1308
2025-05,Harbor Motor Group,Harbor Jeep Ram Anchor,Paid Social,513
2025-05,Harbor Motor Group,Harbor Kia Lighthouse,Paid Search,882
2025-05,Harbor Motor Group,Harbor Kia Lighthouse,Paid Social,418
2025-05,Harbor Motor Group,Harbor Subaru Tidewater,Paid Search,810
2025-05,Harbor Motor Group,Harbor Subaru Tidewater,Paid Social,380
2025-05,Harbor Motor Group,Harbor Toyota Bayview,Paid Search,1912
2025-05,Harbor Motor Group,Harbor Toyota Bayview,Paid Social,563
2025-05,Summit Auto Group,Summit BMW,Paid Search,1746
2025-05,Summit Auto Group,Summit BMW,Paid Social,487
2025-05,Summit Auto Group,Summit Chevrolet Glenpark,Paid Search,1584
2025-05,Summit Auto Group,Summit Chevrolet Glenpark,Paid Social,602
2025-05,Summit Auto Group,Summit Ford Rivera,Paid Search,1817
2025-05,Summit Auto Group,Summit Ford Rivera,Paid Social,621
2025-05,Summit Auto Group,Summit Honda Westland,Paid Search,1802
2025-05,Summit Auto Group,Summit Honda Westland,Paid Social,671
2025-05,Summit Auto Group,Summit Hyundai Oakhurst,Paid Search,1291
2025-05,Summit Auto Group,Summit Hyundai Oakhurst,Paid Social,379
2025-05,Summit Auto Group,Summit Jeep Ram Clearwater,Paid Search,1346
2025-05,Summit Auto Group,Summit Jeep Ram Clearwater,Paid Social,522
2025-05,Summit Auto Group,Summit Kia Brookfield,Paid Search,1154
2025-05,Summit Auto Group,Summit Kia Brookfield,Paid Social,373
2025-05,Summit Auto Group,Summit Mazda Lakeside,Paid Search,892
2025-05,Summit Auto Group,Summit Mazda Lakeside,Paid Social,316
2025-05,Summit Auto Group,Summit Nissan Ridgemont,Paid Search,1256
2025-05,Summit Auto Group,Summit Nissan Ridgemont,Paid Social,501
2025-05,Summit Auto Group,Summit Subaru Northgate,Paid Search,1021
2025-05,Summit Auto Group,Summit Subaru Northgate,Paid Social,360
2025-05,Summit Auto Group,Summit Toyota of Fairview,Paid Search,1738
2025-05,Summit Auto Group,Summit Toyota of Fairview,Paid Social,617
2025-05,Summit Auto Group,Summit Volkswagen Eastdale,Paid Search,872
2025-05,Summit Auto Group,Summit Volkswagen Eastdale,Paid Social,276
2025-06,Harbor Motor Group,Harbor BMW,Paid Search,1424
2025-06,Harbor Motor Group,Harbor BMW,Paid Social,574
2025-06,Harbor Motor Group,Harbor Chevrolet Marina,Paid Search,1269
2025-06,Harbor Motor Group,Harbor Chevrolet Marina,Paid Social,548
2025-06,Harbor Motor Group,Harbor Ford Portside,Paid Search,1540
2025-06,Harbor Motor Group,Harbor Ford Portside,Paid Social,508
2025-06,Harbor Motor Group,Harbor Honda Seaside,Paid Search,1703
2025-06,Harbor Motor Group,Harbor Honda Seaside,Paid Social,580
2025-06,Harbor Motor Group,Harbor Jeep Ram Anchor,Paid Search,1396
2025-06,Harbor Motor Group,Harbor Jeep Ram Anchor,Paid Social,397
2025-06,Harbor Motor Group,Harbor Kia Lighthouse,Paid Search,994
2025-06,Harbor Motor Group,Harbor Kia Lighthouse,Paid Social,309
2025-06,Harbor Motor Group,Harbor Subaru Tidewater,Paid Search,792
2025-06,Harbor Motor Group,Harbor Subaru Tidewater,Paid Social,298
2025-06,Harbor Motor Group,Harbor Toyota Bayview,Paid Search,1463
2025-06,Harbor Motor Group,Harbor Toyota Bayview,Paid Social,566
2025-06,Summit Auto Group,Summit BMW,Paid Search,1646
2025-06,Summit Auto Group,Summit BMW,Paid Social,648
2025-06,Summit Auto Group,Summit Chevrolet Glenpark,Paid Search,1491
2025-06,Summit Auto Group,Summit Chevrolet Glenpark,Paid Social,472
2025-06,Summit Auto Group,Summit Ford Rivera,Paid Search,1949
2025-06,Summit Auto Group,Summit Ford Rivera,Paid Social,643
2025-06,Summit Auto Group,Summit Honda Westland,Paid Search,1594
2025-06,Summit Auto Group,Summit Honda Westland,Paid Social,717
2025-06,Summit Auto Group,Summit Hyundai Oakhurst,Paid Search,1278
2025-06,Summit Auto Group,Summit Hyundai Oakhurst,Paid Social,434
2025-06,Summit Auto Group,Summit Jeep Ram Clearwater,Paid Search,1324
2025-06,Summit Auto Group,Summit Jeep Ram Clearwater,Paid Social,452
2025-06,Summit Auto Group,Summit Kia Brookfield,Paid Search,868
2025-06,Summit Auto Group,Summit Kia Brookfield,Paid Social,434
2025-06,Summit Auto Group,Summit Mazda Lakeside,Paid Search,686
2025-06,Summit Auto Group,Summit Mazda Lakeside,Paid Social,346
2025-06,Summit Auto Group,Summit Nissan Ridgemont,Paid Search,1403
2025-06,Summit Auto Group,Summit Nissan Ridgemont,Paid Social,429
2025-06,Summit Auto Group,Summit Subaru Northgate,Paid Search,823
2025-06,Summit Auto Group,Summit Subaru Northgate,Paid Social,356
2025-06,Summit Auto Group,Summit Toyota of Fairview,Paid Search,1830
2025-06,Summit Auto Group,Summit Toyota of Fairview,Paid Social,803
2025-06,Summit Auto Group,Summit Volkswagen Eastdale,Paid Search,905
2025-06,Summit Auto Group,Summit Volkswagen Eastdale,Paid Social,244
2025-07,Harbor Motor Group,Harbor BMW,Paid Search,1517
2025-07,Harbor Motor Group,Harbor BMW,Paid Social,466
2025-07,Harbor Motor Group,Harbor Chevrolet Marina,Paid Search,1099
2025-07,Harbor Motor Group,Harbor Chevrolet Marina,Paid Social,486
2025-07,Harbor Motor Group,Harbor Ford Portside,Paid Search,1808
2025-07,Harbor Motor Group,Harbor Ford Portside,Paid Social,573
2025-07,Harbor Motor Group,Harbor Honda Seaside,Paid Search,1804
2025-07,Harbor Motor Group,Harbor Honda Seaside,Paid Social,620
2025-07,Harbor Motor Group,Harbor Jeep Ram Anchor,Paid Search,1233
2025-07,Harbor Motor Group,Harbor Jeep Ram Anchor,Paid Social,473
2025-07,Harbor Motor Group,Harbor Kia Lighthouse,Paid Search,802
2025-07,Harbor Motor Group,Harbor Kia Lighthouse,Paid Social,446
2025-07,Harbor Motor Group,Harbor Subaru Tidewater,Paid Search,720
2025-07,Harbor Motor Group,Harbor Subaru Tidewater,Paid Social,399
2025-07,Harbor Motor Group,Harbor Toyota Bayview,Paid Search,1708
2025-07,Harbor Motor Group,Harbor Toyota Bayview,Paid Social,777
2025-07,Summit Auto Group,Summit BMW,Paid Search,1515
2025-07,Summit Auto Group,Summit BMW,Paid Social,480
2025-07,Summit Auto Group,Summit Chevrolet Glenpark,Paid Search,1378
2025-07,Summit Auto Group,Summit Chevrolet Glenpark,Paid Social,612
2025-07,Summit Auto Group,Summit Ford Rivera,Paid Search,1682
2025-07,Summit Auto Group,Summit Ford Rivera,Paid Social,773
2025-07,Summit Auto Group,Summit Honda Westland,Paid Search,1372
2025-07,Summit Auto Group,Summit Honda Westland,Paid Social,711
2025-07,Summit Auto Group,Summit Hyundai Oakhurst,Paid Search,1143
2025-07,Summit Auto Group,Summit Hyundai Oakhurst,Paid Social,395
2025-07,Summit Auto Group,Summit Jeep Ram Clearwater,Paid Search,1459
2025-07,Summit Auto Group,Summit Jeep Ram Clearwater,Paid Social,492
2025-07,Summit Auto Group,Summit Kia Brookfield,Paid Search,988
2025-07,Summit Auto Group,Summit Kia Brookfield,Paid Social,396
2025-07,Summit Auto Group,Summit Mazda Lakeside,Paid Search,688
2025-07,Summit Auto Group,Summit Mazda Lakeside,Paid Social,271
2025-07,Summit Auto Group,Summit Nissan Ridgemont,Paid Search,1306
2025-07,Summit Auto Group,Summit Nissan Ridgemont,Paid Social,460
2025-07,Summit Auto Group,Summit Subaru Northgate,Paid Search,1038
2025-07,Summit Auto Group,Summit Subaru Northgate,Paid Social,346
2025-07,Summit Auto Group,Summit Toyota of Fairview,Paid Search,1679
2025-07,Summit Auto Group,Summit Toyota of Fairview,Paid Social,599
2025-07,Summit Auto Group,Summit Volkswagen Eastdale,Paid Search,767
2025-07,Summit Auto Group,Summit Volkswagen Eastdale,Paid Social,315
2025-08,Harbor Motor Group,Harbor BMW,Paid Search,1534
2025-08,Harbor Motor Group,Harbor BMW,Paid Social,571
2025-08,Harbor Motor Group,Harbor Chevrolet Marina,Paid Search,1580
2025-08,Harbor Motor Group,Harbor Chevrolet Marina,Paid Social,515
2025-08,Harbor Motor Group,Harbor Ford Portside,Paid Search,1989
2025-08,Harbor Motor Group,Harbor Ford Portside,Paid Social,656
2025-08,Harbor Motor Group,Harbor Honda Seaside,Paid Search,1431
2025-08,Harbor Motor Group,Harbor Honda Seaside,Paid Social,682
2025-08,Harbor Motor Group,Harbor Jeep Ram Anchor,Paid Search,1109
2025-08,Harbor Motor Group,Harbor Jeep Ram Anchor,Paid Social,413
2025-08,Harbor Motor Group,Harbor Kia Lighthouse,Paid Search,953
2025-08,Harbor Motor Group,Harbor Kia Lighthouse,Paid Social,341
2025-08,Harbor Motor Group,Harbor Subaru Tidewater,Paid Search,720
2025-08,Harbor Motor Group,Harbor Subaru Tidewater,Paid Social,309
2025-08,Harbor Motor Group,Harbor Toyota Bayview,Paid Search,1569
2025-08,Harbor Motor Group,Harbor Toyota Bayview,Paid Social,808
2025-08,Summit Auto Group,Summit BMW,Paid Search,1265
2025-08,Summit Auto Group,Summit BMW,Paid Social,479
2025-08,Summit Auto Group,Summit Chevrolet Glenpark,Paid Search,1285
2025-08,Summit Auto Group,Summit Chevrolet Glenpark,Paid Social,529
2025-08,Summit Auto Group,Summit Ford Rivera,Paid Search,1967
2025-08,Summit Auto Group,Summit Ford Rivera,Paid Social,659
2025-08,Summit Auto Group,Summit Honda Westland,Paid Search,1433
2025-08,Summit Auto Group,Summit Honda Westland,Paid Social,729
2025-08,Summit Auto Group,Summit Hyundai Oakhurst,Paid Search,1010
2025-08,Summit Auto Group,Summit Hyundai Oakhurst,Paid Social,404
2025-08,Summit Auto Group,Summit Jeep Ram Clearwater,Paid Search,1581
2025-08,Summit Auto Group,Summit Jeep Ram Clearwater,Paid Social,534
2025-08,Summit Auto Group,Summit Kia Brookfield,Paid Search,1224
2025-08,Summit Auto Group,Summit Kia Brookfield,Paid Social,374
2025-08,Summit Auto Group,Summit Mazda Lakeside,Paid Search,785
2025-08,Summit Auto Group,Summit Mazda Lakeside,Paid Social,308
2025-08,Summit Auto Group,Summit Nissan Ridgemont,Paid Search,1100
2025-08,Summit Auto Group,Summit Nissan Ridgemont,Paid Social,472
2025-08,Summit Auto Group,Summit Subaru Northgate,Paid Search,986
2025-08,Summit Auto Group,Summit Subaru Northgate,Paid Social,297
2025-08,Summit Auto Group,Summit Toyota of Fairview,Paid Search,2115
2025-08,Summit Auto Group,Summit Toyota of Fairview,Paid Social,685
2025-08,Summit Auto Group,Summit Volkswagen Eastdale,Paid Search,640
2025-08,Summit Auto Group,Summit Volkswagen Eastdale,Paid Social,268
2025-09,Harbor Motor Group,Harbor BMW,Paid Search,1692
2025-09,Harbor Motor Group,Harbor BMW,Paid Social,560
2025-09,Harbor Motor Group,Harbor Chevrolet Marina,Paid Search,1388
2025-09,Harbor Motor Group,Harbor Chevrolet Marina,Paid Social,557
2025-09,Harbor Motor Group,Harbor Ford Portside,Paid Search,1612
2025-09,Harbor Motor Group,Harbor Ford Portside,Paid Social,631
2025-09,Harbor Motor Group,Harbor Honda Seaside,Paid Search,1284
2025-09,Harbor Motor Group,Harbor Honda Seaside,Paid Social,490
2025-09,Harbor Motor Group,Harbor Jeep Ram Anchor,Paid Search,1357
2025-09,Harbor Motor Group,Harbor Jeep Ram Anchor,Paid Social,441
2025-09,Harbor Motor Group,Harbor Kia Lighthouse,Paid Search,933
2025-09,Harbor Motor Group,Harbor Kia Lighthouse,Paid Social,315
2025-09,Harbor Motor Group,Harbor Subaru Tidewater,Paid Search,765
2025-09,Harbor Motor Group,Harbor Subaru Tidewater,Paid Social,272
2025-09,Harbor Motor Group,Harbor Toyota Bayview,Paid Search,1531
2025-09,Harbor Motor Group,Harbor Toyota Bayview,Paid Social,667
2025-09,Summit Auto Group,Summit BMW,Paid Search,1627
2025-09,Summit Auto Group,Summit BMW,Paid Social,625
2025-09,Summit Auto Group,Summit Chevrolet Glenpark,Paid Search,1184
2025-09,Summit Auto Group,Summit Chevrolet Glenpark,Paid Social,548
2025-09,Summit Auto Group,Summit Ford Rivera,Paid Search,1792
2025-09,Summit Auto Group,Summit Ford Rivera,Paid Social,620
2025-09,Summit Auto Group,Summit Honda Westland,Paid Search,1362
2025-09,Summit Auto Group,Summit Honda Westland,Paid Social,630
2025-09,Summit Auto Group,Summit Hyundai Oakhurst,Paid Search,1001
2025-09,Summit Auto Group,Summit Hyundai Oakhurst,Paid Social,464
2025-09,Summit Auto Group,Summit Jeep Ram Clearwater,Paid Search,1092
2025-09,Summit Auto Group,Summit Jeep Ram Clearwater,Paid Social,490
2025-09,Summit Auto Group,Summit Kia Brookfield,Paid Search,1181
2025-09,Summit Auto Group,Summit Kia Brookfield,Paid Social,360
2025-09,Summit Auto Group,Summit Mazda Lakeside,Paid Search,829
2025-09,Summit Auto Group,Summit Mazda Lakeside,Paid Social,275
2025-09,Summit Auto Group,Summit Nissan Ridgemont,Paid Search,1362
2025-09,Summit Auto Group,Summit Nissan Ridgemont,Paid Social,376
2025-09,Summit Auto Group,Summit Subaru Northgate,Paid Search,928
2025-09,Summit Auto Group,Summit Subaru Northgate,Paid Social,292
2025-09,Summit Auto Group,Summit Toyota of Fairview,Paid Search,1821
2025-09,Summit Auto Group,Summit Toyota of Fairview,Paid Social,670
2025-09,Summit Auto Group,Summit Volkswagen Eastdale,Paid Search,808
2025-09,Summit Auto Group,Summit Volkswagen Eastdale,Paid Social,338
2025-10,Harbor Motor Group,Harbor BMW,Paid Search,1751
2025-10,Harbor Motor Group,Harbor BMW,Paid Social,603
2025-10,Harbor Motor Group,Harbor Chevrolet Marina,Paid Search,1491
2025-10,Harbor Motor Group,Harbor Chevrolet Marina,Paid Social,589
2025-10,Harbor Motor Group,Harbor Ford Portside,Paid Search,1678
2025-10,Harbor Motor Group,Harbor Ford Portside,Paid Social,644
2025-10,Harbor Motor Group,Harbor Honda Seaside,Paid Search,1571
2025-10,Harbor Motor Group,Harbor Honda Seaside,Paid Social,517
2025-10,Harbor Motor Group,Harbor Jeep Ram Anchor,Paid Search,1198
2025-10,Harbor Motor Group,Harbor Jeep Ram Anchor,Paid Social,516
2025-10,Harbor Motor Group,Harbor Kia Lighthouse,Paid Search,888
2025-10,Harbor Motor Group,Harbor Kia Lighthouse,Paid Social,408
2025-10,Harbor Motor Group,Harbor Subaru Tidewater,Paid Search,980
2025-10,Harbor Motor Group,Harbor Subaru Tidewater,Paid Social,352
2025-10,Harbor Motor Group,Harbor Toyota Bayview,Paid Search,1886
2025-10,Harbor Motor Group,Harbor Toyota Bayview,Paid Social,756
2025-10,Summit Auto Group,Summit BMW,Paid Search,1503
2025-10,Summit Auto Group,Summit BMW,Paid Social,712
2025-10,Summit Auto Group,Summit Chevrolet Glenpark,Paid Search,1539
2025-10,Summit Auto Group,Summit Chevrolet Glenpark,Paid Social,600
2025-10,Summit Auto Group,Summit Ford Rivera,Paid Search,1625
2025-10,Summit Auto Group,Summit Ford Rivera,Paid Social,656
2025-10,Summit Auto Group,Summit Honda Westland,Paid Search,1460
2025-10,Summit Auto Group,Summit Honda Westland,Paid Social,727
2025-10,Summit Auto Group,Summit Hyundai Oakhurst,Paid Search,1225
2025-10,Summit Auto Group,Summit Hyundai Oakhurst,Paid Social,379
2025-10,Summit Auto Group,Summit Jeep Ram Clearwater,Paid Search,1369
2025-10,Summit Auto Group,Summit Jeep Ram Clearwater,Paid Social,555
2025-10,Summit Auto Group,Summit Kia Brookfield,Paid Search,899
2025-10,Summit Auto Group,Summit Kia Brookfield,Paid Social,431
2025-10,Summit Auto Group,Summit Mazda Lakeside,Paid Search,721
2025-10,Summit Auto Group,Summit Mazda Lakeside,Paid Social,290
2025-10,Summit Auto Group,Summit Nissan Ridgemont,Paid Search,1418
2025-10,Summit Auto Group,Summit Nissan Ridgemont,Paid Social,377
2025-10,Summit Auto Group,Summit Subaru Northgate,Paid Search,860
2025-10,Summit Auto Group,Summit Subaru Northgate,Paid Social,380
2025-10,Summit Auto Group,Summit Toyota of Fairview,Paid Search,2096
2025-10,Summit Auto Group,Summit Toyota of Fairview,Paid Social,781
2025-10,Summit Auto Group,Summit Volkswagen Eastdale,Paid Search,878
2025-10,Summit Auto Group,Summit Volkswagen Eastdale,Paid Social,316
2025-11,Harbor Motor Group,Harbor BMW,Paid Search,1755
2025-11,Harbor Motor Group,Harbor BMW,Paid Social,534
2025-11,Harbor Motor Group,Harbor Chevrolet Marina,Paid Search,1368
2025-11,Harbor Motor Group,Harbor Chevrolet Marina,Paid Social,573
2025-11,Harbor Motor Group,Harbor Ford Portside,Paid Search,1515
2025-11,Harbor Motor Group,Harbor Ford Portside,Paid Social,528
2025-11,Harbor Motor Group,Harbor Honda Seaside,Paid Search,1514
2025-11,Harbor Motor Group,Harbor Honda Seaside,Paid Social,666
2025-11,Harbor Motor Group,Harbor Jeep Ram Anchor,Paid Search,1459
2025-11,Harbor Motor Group,Harbor Jeep Ram Anchor,Paid Social,460
2025-11,Harbor Motor Group,Harbor Kia Lighthouse,Paid Search,857
2025-11,Harbor Motor Group,Harbor Kia Lighthouse,Paid Social,354
2025-11,Harbor Motor Group,Harbor Subaru Tidewater,Paid Search,897
2025-11,Harbor Motor Group,Harbor Subaru Tidewater,Paid Social,293
2025-11,Harbor Motor Group,Harbor Toyota Bayview,Paid Search,1592
2025-11,Harbor Motor Group,Harbor Toyota Bayview,Paid Social,665
2025-11,Summit Auto Group,Summit BMW,Paid Search,1304
2025-11,Summit Auto Group,Summit BMW,Paid Social,699
2025-11,Summit Auto Group,Summit Chevrolet Glenpark,Paid Search,1233
2025-11,Summit Auto Group,Summit Chevrolet Glenpark,Paid Social,638
2025-11,Summit Auto Group,Summit Ford Rivera,Paid Search,1789
2025-11,Summit Auto Group,Summit Ford Rivera,Paid Social,724
2025-11,Summit Auto Group,Summit Honda Westland,Paid Search,1833
2025-11,Summit Auto Group,Summit Honda Westland,Paid Social,561
2025-11,Summit Auto Group,Summit Hyundai Oakhurst,Paid Search,1190
2025-11,Summit Auto Group,Summit Hyundai Oakhurst,Paid Social,365
2025-11,Summit Auto Group,Summit Jeep Ram Clearwater,Paid Search,1201
2025-11,Summit Auto Group,Summit Jeep Ram Clearwater,Paid Social,504
2025-11,Summit Auto Group,Summit Kia Brookfield,Paid Search,984
2025-11,Summit Auto Group,Summit Kia Brookfield,Paid Social,361
2025-11,Summit Auto Group,Summit Mazda Lakeside,Paid Search,756
2025-11,Summit Auto Group,Summit Mazda Lakeside,Paid Social,321
2025-11,Summit Auto Group,Summit Nissan Ridgemont,Paid Search,1267
2025-11,Summit Auto Group,Summit Nissan Ridgemont,Paid Social,387
2025-11,Summit Auto Group,Summit Subaru Northgate,Paid Search,939
2025-11,Summit Auto Group,Summit Subaru Northgate,Paid Social,398
2025-11,Summit Auto Group,Summit Toyota of Fairview,Paid Search,1757
2025-11,Summit Auto Group,Summit Toyota of Fairview,Paid Social,670
2025-11,Summit Auto Group,Summit Volkswagen Eastdale,Paid Search,813
2025-11,Summit Auto Group,Summit Volkswagen Eastdale,Paid Social,324
2025-12,Harbor Motor Group,Harbor BMW,Paid Search,1575
2025-12,Harbor Motor Group,Harbor BMW,Paid Social,663
2025-12,Harbor Motor Group,Harbor Chevrolet Marina,Paid Search,1326
2025-12,Harbor Motor Group,Harbor Chevrolet Marina,Paid Social,576
2025-12,Harbor Motor Group,Harbor Ford Portside,Paid Search,1963
2025-12,Harbor Motor Group,Harbor Ford Portside,Paid Social,561
2025-12,Harbor Motor Group,Harbor Honda Seaside,Paid Search,1442
2025-12,Harbor Motor Group,Harbor Honda Seaside,Paid Social,472
2025-12,Harbor Motor Group,Harbor Jeep Ram Anchor,Paid Search,1187
2025-12,Harbor Motor Group,Harbor Jeep Ram Anchor,Paid Social,481
2025-12,Harbor Motor Group,Harbor Kia Lighthouse,Paid Search,1092
2025-12,Harbor Motor Group,Harbor Kia Lighthouse,Paid Social,441
2025-12,Harbor Motor Group,Harbor Subaru Tidewater,Paid Search,969
2025-12,Harbor Motor Group,Harbor Subaru Tidewater,Paid Social,313
2025-12,Harbor Motor Group,Harbor Toyota Bayview,Paid Search,1566
2025-12,Harbor Motor Group,Harbor Toyota Bayview,Paid Social,802
2025-12,Summit Auto Group,Summit BMW,Paid Search,1497
2025-12,Summit Auto Group,Summit BMW,Paid Social,671
2025-12,Summit Auto Group,Summit Chevrolet Glenpark,Paid Search,1685
2025-12,Summit Auto Group,Summit Chevrolet Glenpark,Paid Social,462
2025-12,Summit Auto Group,Summit Ford Rivera,Paid Search,1595
2025-12,Summit Auto Group,Summit Ford Rivera,Paid Social,543
2025-12,Summit Auto Group,Summit Honda Westland,Paid Search,1330
2025-12,Summit Auto Group,Summit Honda Westland,Paid Social,593
2025-12,Summit Auto Group,Summit Hyundai Oakhurst,Paid Search,1294
2025-12,Summit Auto Group,Summit Hyundai Oakhurst,Paid Social,345
2025-12,Summit Auto Group,Summit Jeep Ram Clearwater,Paid Search,1246
2025-12,Summit Auto Group,Summit Jeep Ram Clearwater,Paid Social,597
2025-12,Summit Auto Group,Summit Kia Brookfield,Paid Search,922
2025-12,Summit Auto Group,Summit Kia Brookfield,Paid Social,435
2025-12,Summit Auto Group,Summit Mazda Lakeside,Paid Search,923
2025-12,Summit Auto Group,Summit Mazda Lakeside,Paid Social,355
2025-12,Summit Auto Group,Summit Nissan Ridgemont,Paid Search,1034
2025-12,Summit Auto Group,Summit Nissan Ridgemont,Paid Social,452
2025-12,Summit Auto Group,Summit Subaru Northgate,Paid Search,901
2025-12,Summit Auto Group,Summit Subaru Northgate,Paid Social,302
2025-12,Summit Auto Group,Summit Toyota of Fairview,Paid Search,1773
2025-12,Summit Auto Group,Summit Toyota of Fairview,Paid Social,686
2025-12,Summit Auto Group,Summit Volkswagen Eastdale,Paid Search,652
2025-12,Summit Auto Group,Summit Volkswagen Eastdale,Paid Social,342
2026-01,Harbor Motor Group,Harbor BMW,Paid Search,1362
2026-01,Harbor Motor Group,Harbor BMW,Paid Social,542
2026-01,Harbor Motor Group,Harbor Chevrolet Marina,Paid Search,1548
2026-01,Harbor Motor Group,Harbor Chevrolet Marina,Paid Social,591
2026-01,Harbor Motor Group,Harbor Ford Portside,Paid Search,1348
2026-01,Harbor Motor Group,Harbor Ford Portside,Paid Social,674
2026-01,Harbor Motor Group,Harbor Honda Seaside,Paid Search,1257
2026-01,Harbor Motor Group,Harbor Honda Seaside,Paid Social,479
2026-01,Harbor Motor Group,Harbor Jeep Ram Anchor,Paid Search,1472
2026-01,Harbor Motor Group,Harbor Jeep Ram Anchor,Paid Social,463
2026-01,Harbor Motor Group,Harbor Kia Lighthouse,Paid Search,1025
2026-01,Harbor Motor Group,Harbor Kia Lighthouse,Paid Social,320
2026-01,Harbor Motor Group,Harbor Subaru Tidewater,Paid Search,831
2026-01,Harbor Motor Group,Harbor Subaru Tidewater,Paid Social,289
2026-01,Harbor Motor Group,Harbor Toyota Bayview,Paid Search,1540
2026-01,Harbor Motor Group,Harbor Toyota Bayview,Paid Social,655
2026-01,Summit Auto Group,Summit BMW,Paid Search,1587
2026-01,Summit Auto Group,Summit BMW,Paid Social,542
2026-01,Summit Auto Group,Summit Chevrolet Glenpark,Paid Search,1398
2026-01,Summit Auto Group,Summit Chevrolet Glenpark,Paid Social,619
2026-01,Summit Auto Group,Summit Ford Rivera,Paid Search,1614
2026-01,Summit Auto Group,Summit Ford Rivera,Paid Social,682
2026-01,Summit Auto Group,Summit Honda Westland,Paid Search,1683
2026-01,Summit Auto Group,Summit Honda Westland,Paid Social,520
2026-01,Summit Auto Group,Summit Hyundai Oakhurst,Paid Search,999
2026-01,Summit Auto Group,Summit Hyundai Oakhurst,Paid Social,481
2026-01,Summit Auto Group,Summit Jeep Ram Clearwater,Paid Search,1161
2026-01,Summit Auto Group,Summit Jeep Ram Clearwater,Paid Social,587
2026-01,Summit Auto Group,Summit Kia Brookfield,Paid Search,1242
2026-01,Summit Auto Group,Summit Kia Brookfield,Paid Social,376
2026-01,Summit Auto Group,Summit Mazda Lakeside,Paid Search,883
2026-01,Summit Auto Group,Summit Mazda Lakeside,Paid Social,319
2026-01,Summit Auto Group,Summit Nissan Ridgemont,Paid Search,1312
2026-01,Summit Auto Group,Summit Nissan Ridgemont,Paid Social,436
2026-01,Summit Auto Group,Summit Subaru Northgate,Paid Search,868
2026-01,Summit Auto Group,Summit Subaru Northgate,Paid Social,378
2026-01,Summit Auto Group,Summit Toyota of Fairview,Paid Search,2144
2026-01,Summit Auto Group,Summit Toyota of Fairview,Paid Social,772
2026-01,Summit Auto Group,Summit Volkswagen Eastdale,Paid Search,852
2026-01,Summit Auto Group,Summit Volkswagen Eastdale,Paid Social,248
2026-02,Harbor Motor Group,Harbor BMW,Paid Search,1534
2026-02,Harbor Motor Group,Harbor BMW,Paid Social,550
2026-02,Harbor Motor Group,Harbor Chevrolet Marina,Paid Search,1328
2026-02,Harbor Motor Group,Harbor Chevrolet Marina,Paid Social,493
2026-02,Harbor Motor Group,Harbor Ford Portside,Paid Search,1408
2026-02,Harbor Motor Group,Harbor Ford Portside,Paid Social,593
2026-02,Harbor Motor Group,Harbor Honda Seaside,Paid Search,1776
2026-02,Harbor Motor Group,Harbor Honda Seaside,Paid Social,616
2026-02,Harbor Motor Group,Harbor Jeep Ram Anchor,Paid Search,1119
2026-02,Harbor Motor Group,Harbor Jeep Ram Anchor,Paid Social,502
2026-02,Harbor Motor Group,Harbor Kia Lighthouse,Paid Search,1122
2026-02,Harbor Motor Group,Harbor Kia Lighthouse,Paid Social,417
2026-02,Harbor Motor Group,Harbor Subaru Tidewater,Paid Search,1019
2026-02,Harbor Motor Group,Harbor Subaru Tidewater,Paid Social,295
2026-02,Harbor Motor Group,Harbor Toyota Bayview,Paid Search,1770
2026-02,Harbor Motor Group,Harbor Toyota Bayview,Paid Social,743
2026-02,Summit Auto Group,Summit BMW,Paid Search,1862
2026-02,Summit Auto Group,Summit BMW,Paid Social,621
2026-02,Summit Auto Group,Summit Chevrolet Glenpark,Paid Search,1547
2026-02,Summit Auto Group,Summit Chevrolet Glenpark,Paid Social,459
2026-02,Summit Auto Group,Summit Ford Rivera,Paid Search,1511
2026-02,Summit Auto Group,Summit Ford Rivera,Paid Social,633
2026-02,Summit Auto Group,Summit Honda Westland,Paid Search,1862
2026-02,Summit Auto Group,Summit Honda Westland,Paid Social,533
2026-02,Summit Auto Group,Summit Hyundai Oakhurst,Paid Search,882
2026-02,Summit Auto Group,Summit Hyundai Oakhurst,Paid Social,466
2026-02,Summit Auto Group,Summit Jeep Ram Clearwater,Paid Search,1174
2026-02,Summit Auto Group,Summit Jeep Ram Clearwater,Paid Social,485
2026-02,Summit Auto Group,Summit Kia Brookfield,Paid Search,1001
2026-02,Summit Auto Group,Summit Kia Brookfield,Paid Social,332
2026-02,Summit Auto Group,Summit Mazda Lakeside,Paid Search,794
2026-02,Summit Auto Group,Summit Mazda Lakeside,Paid Social,314
2026-02,Summit Auto Group,Summit Nissan Ridgemont,Paid Search,977
2026-02,Summit Auto Group,Summit Nissan Ridgemont,Paid Social,381
2026-02,Summit Auto Group,Summit Subaru Northgate,Paid Search,1069
2026-02,Summit Auto Group,Summit Subaru Northgate,Paid Social,381
2026-02,Summit Auto Group,Summit Toyota of Fairview,Paid Search,1535
2026-02,Summit Auto Group,Summit Toyota of Fairview,Paid Social,800
2026-02,Summit Auto Group,Summit Volkswagen Eastdale,Paid Search,846
2026-02,Summit Auto Group,Summit Volkswagen Eastdale,Paid Social,329
2026-03,Harbor Motor Group,Harbor BMW,Paid Search,1768
2026-03,Harbor Motor Group,Harbor BMW,Paid Social,501
2026-03,Harbor Motor Group,Harbor Chevrolet Marina,Paid Search,1237
2026-03,Harbor Motor Group,Harbor Chevrolet Marina,Paid Social,538
2026-03,Harbor Motor Group,Harbor Ford Portside,Paid Search,1772
2026-03,Harbor Motor Group,Harbor Ford Portside,Paid Social,740
2026-03,Harbor Motor Group,Harbor Honda Seaside,Paid Search,1643
2026-03,Harbor Motor Group,Harbor Honda Seaside,Paid Social,683
2026-03,Harbor Motor Group,Harbor Jeep Ram Anchor,Paid Search,1141
2026-03,Harbor Motor Group,Harbor Jeep Ram Anchor,Paid Social,558
2026-03,Harbor Motor Group,Harbor Kia Lighthouse,Paid Search,1066
2026-03,Harbor Motor Group,Harbor Kia Lighthouse,Paid Social,323
2026-03,Harbor Motor Group,Harbor Subaru Tidewater,Paid Search,1040
2026-03,Harbor Motor Group,Harbor Subaru Tidewater,Paid Social,399
2026-03,Harbor Motor Group,Harbor Toyota Bayview,Paid Search,1900
2026-03,Harbor Motor Group,Harbor Toyota Bayview,Paid Social,643
2026-03,Summit Auto Group,Summit BMW,Paid Search,1782
2026-03,Summit Auto Group,Summit BMW,Paid Social,567
2026-03,Summit Auto Group,Summit Chevrolet Glenpark,Paid Search,1590
2026-03,Summit Auto Group,Summit Chevrolet Glenpark,Paid Social,559
2026-03,Summit Auto Group,Summit Ford Rivera,Paid Search,1395
2026-03,Summit Auto Group,Summit Ford Rivera,Paid Social,681
2026-03,Summit Auto Group,Summit Honda Westland,Paid Search,1894
2026-03,Summit Auto Group,Summit Honda Westland,Paid Social,546
2026-03,Summit Auto Group,Summit Hyundai Oakhurst,Paid Search,1061
2026-03,Summit Auto Group,Summit Hyundai Oakhurst,Paid Social,399
2026-03,Summit Auto Group,Summit Jeep Ram Clearwater,Paid Search,1267
2026-03,Summit Auto Group,Summit Jeep Ram Clearwater,Paid Social,566
2026-03,Summit Auto Group,Summit Kia Brookfield,Paid Search,889
2026-03,Summit Auto Group,Summit Kia Brookfield,Paid Social,471
2026-03,Summit Auto Group,Summit Mazda Lakeside,Paid Search,913
2026-03,Summit Auto Group,Summit Mazda Lakeside,Paid Social,291
2026-03,Summit Auto Group,Summit Nissan Ridgemont,Paid Search,1146
2026-03,Summit Auto Group,Summit Nissan Ridgemont,Paid Social,437
2026-03,Summit Auto Group,Summit Subaru Northgate,Paid Search,959
2026-03,Summit Auto Group,Summit Subaru Northgate,Paid Social,325
2026-03,Summit Auto Group,Summit Toyota of Fairview,Paid Search,1630
2026-03,Summit Auto Group,Summit Toyota of Fairview,Paid Social,672
2026-03,Summit Auto Group,Summit Volkswagen Eastdale,Paid Search,696
2026-03,Summit Auto Group,Summit Volkswagen Eastdale,Paid Social,336
2026-04,Harbor Motor Group,Harbor BMW,Paid Search,1546
2026-04,Harbor Motor Group,Harbor BMW,Paid Social,471
2026-04,Harbor Motor Group,Harbor Chevrolet Marina,Paid Search,1351
2026-04,Harbor Motor Group,Harbor Chevrolet Marina,Paid Social,468
2026-04,Harbor Motor Group,Harbor Ford Portside,Paid Search,1630
2026-04,Harbor Motor Group,Harbor Ford Portside,Paid Social,755
2026-04,Harbor Motor Group,Harbor Honda Seaside,Paid Search,1582
2026-04,Harbor Motor Group,Harbor Honda Seaside,Paid Social,535
2026-04,Harbor Motor Group,Harbor Jeep Ram Anchor,Paid Search,1427
2026-04,Harbor Motor Group,Harbor Jeep Ram Anchor,Paid Social,395
2026-04,Harbor Motor Group,Harbor Kia Lighthouse,Paid Search,893
2026-04,Harbor Motor Group,Harbor Kia Lighthouse,Paid Social,370
2026-04,Harbor Motor Group,Harbor Subaru Tidewater,Paid Search,885
2026-04,Harbor Motor Group,Harbor Subaru Tidewater,Paid Social,307
2026-04,Harbor Motor Group,Harbor Toyota Bayview,Paid Search,1913
2026-04,Harbor Motor Group,Harbor Toyota Bayview,Paid Social,562
2026-04,Summit Auto Group,Summit BMW,Paid Search,1778
2026-04,Summit Auto Group,Summit BMW,Paid Social,506
2026-04,Summit Auto Group,Summit Chevrolet Glenpark,Paid Search,1541
2026-04,Summit Auto Group,Summit Chevrolet Glenpark,Paid Social,604
2026-04,Summit Auto Group,Summit Ford Rivera,Paid Search,1655
2026-04,Summit Auto Group,Summit Ford Rivera,Paid Social,713
2026-04,Summit Auto Group,Summit Honda Westland,Paid Search,1819
2026-04,Summit Auto Group,Summit Honda Westland,Paid Social,607
2026-04,Summit Auto Group,Summit Hyundai Oakhurst,Paid Search,1305
2026-04,Summit Auto Group,Summit Hyundai Oakhurst,Paid Social,477
2026-04,Summit Auto Group,Summit Jeep Ram Clearwater,Paid Search,1476
2026-04,Summit Auto Group,Summit Jeep Ram Clearwater,Paid Social,415
2026-04,Summit Auto Group,Summit Kia Brookfield,Paid Search,1215
2026-04,Summit Auto Group,Summit Kia Brookfield,Paid Social,356
2026-04,Summit Auto Group,Summit Mazda Lakeside,Paid Search,804
2026-04,Summit Auto Group,Summit Mazda Lakeside,Paid Social,372
2026-04,Summit Auto Group,Summit Nissan Ridgemont,Paid Search,972
2026-04,Summit Auto Group,Summit Nissan Ridgemont,Paid Social,491
2026-04,Summit Auto Group,Summit Subaru Northgate,Paid Search,982
2026-04,Summit Auto Group,Summit Subaru Northgate,Paid Social,287
2026-04,Summit Auto Group,Summit Toyota of Fairview,Paid Search,2110
2026-04,Summit Auto Group,Summit Toyota of Fairview,Paid Social,863
2026-04,Summit Auto Group,Summit Volkswagen Eastdale,Paid Search,739
2026-04,Summit Auto Group,Summit Volkswagen Eastdale,Paid Social,312
2026-05,Harbor Motor Group,Harbor BMW,Paid Search,1214
2026-05,Harbor Motor Group,Harbor BMW,Paid Social,536
2026-05,Harbor Motor Group,Harbor Chevrolet Marina,Paid Search,1104
2026-05,Harbor Motor Group,Harbor Chevrolet Marina,Paid Social,469
2026-05,Harbor Motor Group,Harbor Ford Portside,Paid Search,1829
2026-05,Harbor Motor Group,Harbor Ford Portside,Paid Social,510
2026-05,Harbor Motor Group,Harbor Honda Seaside,Paid Search,1387
2026-05,Harbor Motor Group,Harbor Honda Seaside,Paid Social,463
2026-05,Harbor Motor Group,Harbor Jeep Ram Anchor,Paid Search,1007
2026-05,Harbor Motor Group,Harbor Jeep Ram Anchor,Paid Social,510
2026-05,Harbor Motor Group,Harbor Kia Lighthouse,Paid Search,848
2026-05,Harbor Motor Group,Harbor Kia Lighthouse,Paid Social,421
2026-05,Harbor Motor Group,Harbor Subaru Tidewater,Paid Search,750
2026-05,Harbor Motor Group,Harbor Subaru Tidewater,Paid Social,280
2026-05,Harbor Motor Group,Harbor Toyota Bayview,Paid Search,1721
2026-05,Harbor Motor Group,Harbor Toyota Bayview,Paid Social,813
2026-05,Summit Auto Group,Summit BMW,Paid Search,1568
2026-05,Summit Auto Group,Summit BMW,Paid Social,532
2026-05,Summit Auto Group,Summit Chevrolet Glenpark,Paid Search,1764
2026-05,Summit Auto Group,Summit Chevrolet Glenpark,Paid Social,474
2026-05,Summit Auto Group,Summit Ford Rivera,Paid Search,1988
2026-05,Summit Auto Group,Summit Ford Rivera,Paid Social,541
2026-05,Summit Auto Group,Summit Honda Westland,Paid Search,1697
2026-05,Summit Auto Group,Summit Honda Westland,Paid Social,566
2026-05,Summit Auto Group,Summit Hyundai Oakhurst,Paid Search,947
2026-05,Summit Auto Group,Summit Hyundai Oakhurst,Paid Social,482
2026-05,Summit Auto Group,Summit Jeep Ram Clearwater,Paid Search,1194
2026-05,Summit Auto Group,Summit Jeep Ram Clearwater,Paid Social,552
2026-05,Summit Auto Group,Summit Kia Brookfield,Paid Search,993
2026-05,Summit Auto Group,Summit Kia Brookfield,Paid Social,464
2026-05,Summit Auto Group,Summit Mazda Lakeside,Paid Search,945
2026-05,Summit Auto Group,Summit Mazda Lakeside,Paid Social,320
2026-05,Summit Auto Group,Summit Nissan Ridgemont,Paid Search,993
2026-05,Summit Auto Group,Summit Nissan Ridgemont,Paid Social,474
2026-05,Summit Auto Group,Summit Subaru Northgate,Paid Search,960
2026-05,Summit Auto Group,Summit Subaru Northgate,Paid Social,304
2026-05,Summit Auto Group,Summit Toyota of Fairview,Paid Search,1990
2026-05,Summit Auto Group,Summit Toyota of Fairview,Paid Social,811
2026-05,Summit Auto Group,Summit Volkswagen Eastdale,Paid Search,828
2026-05,Summit Auto Group,Summit Volkswagen Eastdale,Paid Social,305
2026-06,Harbor Motor Group,Harbor BMW,Paid Search,1236
2026-06,Harbor Motor Group,Harbor BMW,Paid Social,510
2026-06,Harbor Motor Group,Harbor Chevrolet Marina,Paid Search,1437
2026-06,Harbor Motor Group,Harbor Chevrolet Marina,Paid Social,524
2026-06,Harbor Motor Group,Harbor Ford Portside,Paid Search,1728
2026-06,Harbor Motor Group,Harbor Ford Portside,Paid Social,639
2026-06,Harbor Motor Group,Harbor Honda Seaside,Paid Search,1622
2026-06,Harbor Motor Group,Harbor Honda Seaside,Paid Social,690
2026-06,Harbor Motor Group,Harbor Jeep Ram Anchor,Paid Search,1160
2026-06,Harbor Motor Group,Harbor Jeep Ram Anchor,Paid Social,556
2026-06,Harbor Motor Group,Harbor Kia Lighthouse,Paid Search,816
2026-06,Harbor Motor Group,Harbor Kia Lighthouse,Paid Social,321
2026-06,Harbor Motor Group,Harbor Subaru Tidewater,Paid Search,767
2026-06,Harbor Motor Group,Harbor Subaru Tidewater,Paid Social,307
2026-06,Harbor Motor Group,Harbor Toyota Bayview,Paid Search,2140
2026-06,Harbor Motor Group,Harbor Toyota Bayview,Paid Social,621
2026-06,Summit Auto Group,Summit BMW,Paid Search,1564
2026-06,Summit Auto Group,Summit BMW,Paid Social,633
2026-06,Summit Auto Group,Summit Chevrolet Glenpark,Paid Search,1660
2026-06,Summit Auto Group,Summit Chevrolet Glenpark,Paid Social,510
2026-06,Summit Auto Group,Summit Ford Rivera,Paid Search,1405
2026-06,Summit Auto Group,Summit Ford Rivera,Paid Social,652
2026-06,Summit Auto Group,Summit Honda Westland,Paid Search,1889
2026-06,Summit Auto Group,Summit Honda Westland,Paid Social,592
2026-06,Summit Auto Group,Summit Hyundai Oakhurst,Paid Search,1203
2026-06,Summit Auto Group,Summit Hyundai Oakhurst,Paid Social,415
2026-06,Summit Auto Group,Summit Jeep Ram Clearwater,Paid Search,1098
2026-06,Summit Auto Group,Summit Jeep Ram Clearwater,Paid Social,564
2026-06,Summit Auto Group,Summit Kia Brookfield,Paid Search,982
2026-06,Summit Auto Group,Summit Kia Brookfield,Paid Social,437
2026-06,Summit Auto Group,Summit Mazda Lakeside,Paid Search,711
2026-06,Summit Auto Group,Summit Mazda Lakeside,Paid Social,369
2026-06,Summit Auto Group,Summit Nissan Ridgemont,Paid Search,1279
2026-06,Summit Auto Group,Summit Nissan Ridgemont,Paid Social,400
2026-06,Summit Auto Group,Summit Subaru Northgate,Paid Search,745
2026-06,Summit Auto Group,Summit Subaru Northgate,Paid Social,369
2026-06,Summit Auto Group,Summit Toyota of Fairview,Paid Search,2173
2026-06,Summit Auto Group,Summit Toyota of Fairview,Paid Social,799
2026-06,Summit Auto Group,Summit Volkswagen Eastdale,Paid Search,672
2026-06,Summit Auto Group,Summit Volkswagen Eastdale,Paid Social,297
2026-07,Harbor Motor Group,Harbor BMW,Paid Search,1426
2026-07,Harbor Motor Group,Harbor BMW,Paid Social,662
2026-07,Harbor Motor Group,Harbor Chevrolet Marina,Paid Search,1073
2026-07,Harbor Motor Group,Harbor Chevrolet Marina,Paid Social,591
2026-07,Harbor Motor Group,Harbor Ford Portside,Paid Search,1352
2026-07,Harbor Motor Group,Harbor Ford Portside,Paid Social,696
2026-07,Harbor Motor Group,Harbor Honda Seaside,Paid Search,1229
2026-07,Harbor Motor Group,Harbor Honda Seaside,Paid Social,660
2026-07,Harbor Motor Group,Harbor Jeep Ram Anchor,Paid Search,1404
2026-07,Harbor Motor Group,Harbor Jeep Ram Anchor,Paid Social,435
2026-07,Harbor Motor Group,Harbor Kia Lighthouse,Paid Search,926
2026-07,Harbor Motor Group,Harbor Kia Lighthouse,Paid Social,408
2026-07,Harbor Motor Group,Harbor Subaru Tidewater,Paid Search,893
2026-07,Harbor Motor Group,Harbor Subaru Tidewater,Paid Social,317
2026-07,Harbor Motor Group,Harbor Toyota Bayview,Paid Search,1769
2026-07,Harbor Motor Group,Harbor Toyota Bayview,Paid Social,702
2026-07,Summit Auto Group,Summit BMW,Paid Search,1535
2026-07,Summit Auto Group,Summit BMW,Paid Social,539
2026-07,Summit Auto Group,Summit Chevrolet Glenpark,Paid Search,1289
2026-07,Summit Auto Group,Summit Chevrolet Glenpark,Paid Social,537
2026-07,Summit Auto Group,Summit Ford Rivera,Paid Search,2038
2026-07,Summit Auto Group,Summit Ford Rivera,Paid Social,772
2026-07,Summit Auto Group,Summit Honda Westland,Paid Search,1319
2026-07,Summit Auto Group,Summit Honda Westland,Paid Social,605
2026-07,Summit Auto Group,Summit Hyundai Oakhurst,Paid Search,925
2026-07,Summit Auto Group,Summit Hyundai Oakhurst,Paid Social,364
2026-07,Summit Auto Group,Summit Jeep Ram Clearwater,Paid Search,1546
2026-07,Summit Auto Group,Summit Jeep Ram Clearwater,Paid Social,573
2026-07,Summit Auto Group,Summit Kia Brookfield,Paid Search,1166
2026-07,Summit Auto Group,Summit Kia Brookfield,Paid Social,412
2026-07,Summit Auto Group,Summit Mazda Lakeside,Paid Search,847
2026-07,Summit Auto Group,Summit Mazda Lakeside,Paid Social,373
2026-07,Summit Auto Group,Summit Nissan Ridgemont,Paid Search,1030
2026-07,Summit Auto Group,Summit Nissan Ridgemont,Paid Social,409
2026-07,Summit Auto Group,Summit Subaru Northgate,Paid Search,753
2026-07,Summit Auto Group,Summit Subaru Northgate,Paid Social,303
2026-07,Summit Auto Group,Summit Toyota of Fairview,Paid Search,2218
2026-07,Summit Auto Group,Summit Toyota of Fairview,Paid Social,758
2026-07,Summit Auto Group,Summit Volkswagen Eastdale,Paid Search,687
2026-07,Summit Auto Group,Summit Volkswagen Eastdale,Paid Social,325
2026-08,Harbor Motor Group,Harbor BMW,Paid Search,1649
2026-08,Harbor Motor Group,Harbor BMW,Paid Social,535
2026-08,Harbor Motor Group,Harbor Chevrolet Marina,Paid Search,1500
2026-08,Harbor Motor Group,Harbor Chevrolet Marina,Paid Social,488
2026-08,Harbor Motor Group,Harbor Ford Portside,Paid Search,1490
2026-08,Harbor Motor Group,Harbor Ford Portside,Paid Social,572
2026-08,Harbor Motor Group,Harbor Honda Seaside,Paid Search,1325
2026-08,Harbor Motor Group,Harbor Honda Seaside,Paid Social,665
2026-08,Harbor Motor Group,Harbor Jeep Ram Anchor,Paid Search,1494
2026-08,Harbor Motor Group,Harbor Jeep Ram Anchor,Paid Social,444
2026-08,Harbor Motor Group,Harbor Kia Lighthouse,Paid Search,869
2026-08,Harbor Motor Group,Harbor Kia Lighthouse,Paid Social,336
2026-08,Harbor Motor Group,Harbor Subaru Tidewater,Paid Search,930
2026-08,Harbor Motor Group,Harbor Subaru Tidewater,Paid Social,378
2026-08,Harbor Motor Group,Harbor Toyota Bayview,Paid Search,1533
2026-08,Harbor Motor Group,Harbor Toyota Bayview,Paid Social,757
2026-08,Summit Auto Group,Summit BMW,Paid Search,1297
2026-08,Summit Auto Group,Summit BMW,Paid Social,615
2026-08,Summit Auto Group,Summit Chevrolet Glenpark,Paid Search,1225
2026-08,Summit Auto Group,Summit Chevrolet Glenpark,Paid Social,500
2026-08,Summit Auto Group,Summit Ford Rivera,Paid Search,1728
2026-08,Summit Auto Group,Summit Ford Rivera,Paid Social,578
2026-08,Summit Auto Group,Summit Honda Westland,Paid Search,1578
2026-08,Summit Auto Group,Summit Honda Westland,Paid Social,518
2026-08,Summit Auto Group,Summit Hyundai Oakhurst,Paid Search,1192
2026-08,Summit Auto Group,Summit Hyundai Oakhurst,Paid Social,476
2026-08,Summit Auto Group,Summit Jeep Ram Clearwater,Paid Search,1089
2026-08,Summit Auto Group,Summit Jeep Ram Clearwater,Paid Social,524
2026-08,Summit Auto Group,Summit Kia Brookfield,Paid Search,981
2026-08,Summit Auto Group,Summit Kia Brookfield,Paid Social,392
2026-08,Summit Auto Group,Summit Mazda Lakeside,Paid Search,702
2026-08,Summit Auto Group,Summit Mazda Lakeside,Paid Social,273
2026-08,Summit Auto Group,Summit Nissan Ridgemont,Paid Search,1126
2026-08,Summit Auto Group,Summit Nissan Ridgemont,Paid Social,407
2026-08,Summit Auto Group,Summit Subaru Northgate,Paid Search,938
2026-08,Summit Auto Group,Summit Subaru Northgate,Paid Social,289
2026-08,Summit Auto Group,Summit Toyota of Fairview,Paid Search,2168
2026-08,Summit Auto Group,Summit Toyota of Fairview,Paid Social,615
2026-08,Summit Auto Group,Summit Volkswagen Eastdale,Paid Search,632
2026-08,Summit Auto Group,Summit Volkswagen Eastdale,Paid Social,338
2026-09,Harbor Motor Group,Harbor BMW,Paid Search,1474
2026-09,Harbor Motor Group,Harbor BMW,Paid Social,604
2026-09,Harbor Motor Group,Harbor Chevrolet Marina,Paid Search,1064
2026-09,Harbor Motor Group,Harbor Chevrolet Marina,Paid Social,412
2026-09,Harbor Motor Group,Harbor Ford Portside,Paid Search,1757
2026-09,Harbor Motor Group,Harbor Ford Portside,Paid Social,538
2026-09,Harbor Motor Group,Harbor Honda Seaside,Paid Search,1755
2026-09,Harbor Motor Group,Harbor Honda Seaside,Paid Social,672
2026-09,Harbor Motor Group,Harbor Jeep Ram Anchor,Paid Search,1481
2026-09,Harbor Motor Group,Harbor Jeep Ram Anchor,Paid Social,390
2026-09,Harbor Motor Group,Harbor Kia Lighthouse,Paid Search,1000
2026-09,Harbor Motor Group,Harbor Kia Lighthouse,Paid Social,442
2026-09,Harbor Motor Group,Harbor Subaru Tidewater,Paid Search,1027
2026-09,Harbor Motor Group,Harbor Subaru Tidewater,Paid Social,300
2026-09,Harbor Motor Group,Harbor Toyota Bayview,Paid Search,2072
2026-09,Harbor Motor Group,Harbor Toyota Bayview,Paid Social,567
2026-09,Summit Auto Group,Summit BMW,Paid Search,1403
2026-09,Summit Auto Group,Summit BMW,Paid Social,700
2026-09,Summit Auto Group,Summit Chevrolet Glenpark,Paid Search,1494
2026-09,Summit Auto Group,Summit Chevrolet Glenpark,Paid Social,605
2026-09,Summit Auto Group,Summit Ford Rivera,Paid Search,1933
2026-09,Summit Auto Group,Summit Ford Rivera,Paid Social,700
2026-09,Summit Auto Group,Summit Honda Westland,Paid Search,1584
2026-09,Summit Auto Group,Summit Honda Westland,Paid Social,616
2026-09,Summit Auto Group,Summit Hyundai Oakhurst,Paid Search,1231
2026-09,Summit Auto Group,Summit Hyundai Oakhurst,Paid Social,494
2026-09,Summit Auto Group,Summit Jeep Ram Clearwater,Paid Search,1480
2026-09,Summit Auto Group,Summit Jeep Ram Clearwater,Paid Social,480
2026-09,Summit Auto Group,Summit Kia Brookfield,Paid Search,1094
2026-09,Summit Auto Group,Summit Kia Brookfield,Paid Social,399
2026-09,Summit Auto Group,Summit Mazda Lakeside,Paid Search,831
2026-09,Summit Auto Group,Summit Mazda Lakeside,Paid Social,289
2026-09,Summit Auto Group,Summit Nissan Ridgemont,Paid Search,1350
2026-09,Summit Auto Group,Summit Nissan Ridgemont,Paid Social,528
2026-09,Summit Auto Group,Summit Subaru Northgate,Paid Search,809
2026-09,Summit Auto Group,Summit Subaru Northgate,Paid Social,299
2026-09,Summit Auto Group,Summit Toyota of Fairview,Paid Search,1897
2026-09,Summit Auto Group,Summit Toyota of Fairview,Paid Social,740
2026-09,Summit Auto Group,Summit Volkswagen Eastdale,Paid Search,746
2026-09,Summit Auto Group,Summit Volkswagen Eastdale,Paid Social,345
